,user_id,gender,age
0,1,F,1
1,2,M,56
2,3,M,25
3,4,M,45
4,5,M,25
5,6,F,50
6,7,M,35
7,8,M,25
8,9,M,25
9,10,F,35
10,11,F,25
11,12,M,25
12,13,M,45
13,14,M,35
14,15,M,25
15,16,F,35
16,17,M,50
17,18,F,18
18,19,M,1
19,20,M,25
20,21,M,18
21,22,M,18
22,23,M,35
23,24,F,25
24,25,M,18
25,26,M,25
26,27,M,25
27,28,F,25
28,29,M,35
29,30,F,35
30,31,M,56
31,32,F,25
32,33,M,45
33,34,F,18
34,35,M,45
35,36,M,25
36,37,F,25
37,38,F,18
38,39,M,18
39,40,M,45
40,41,F,18
41,42,M,25
42,43,M,25
43,44,M,45
44,45,F,45
45,46,M,18
46,47,M,18
47,48,M,25
48,49,M,18
49,50,F,25
50,51,F,1
51,52,M,18
52,53,M,25
53,54,M,50
54,55,F,35
55,56,M,35
56,57,M,18
57,58,M,25
58,59,F,50
59,60,M,50
60,61,M,25
61,62,F,35
62,63,M,18
63,64,M,18
64,65,M,35
65,66,M,25
66,67,F,50
67,68,M,18
68,69,F,25
69,70,M,18
70,71,M,25
71,72,F,45
72,73,M,18
73,74,M,35
74,75,F,1
75,76,M,35
76,77,M,18
77,78,F,45
78,79,F,45
79,80,M,56
80,81,F,25
81,82,M,25
82,83,F,25
83,84,M,18
84,85,M,18
85,86,F,1
86,87,M,25
87,88,F,45
88,89,F,56
89,90,M,56
90,91,M,35
91,92,F,18
92,93,M,25
93,94,M,25
94,95,M,45
95,96,F,25
96,97,F,35
97,98,F,35
98,99,F,1
99,100,M,35
100,101,F,18
101,102,M,35
102,103,M,45
103,104,M,25
104,105,M,45
105,106,F,35
106,107,M,45
107,108,M,25
108,109,M,45
109,110,M,25
110,111,M,35
111,112,M,25
112,113,M,18
113,114,F,25
114,115,M,25
115,116,M,25
116,117,M,25
117,118,M,35
118,119,F,1
119,120,M,25
120,121,M,35
121,122,F,18
122,123,M,35
123,124,M,56
124,125,M,45
125,126,M,18
126,127,F,45
127,128,M,56
128,129,M,25
129,130,M,35
130,131,M,18
131,132,M,25
132,133,F,25
133,134,M,25
134,135,M,18
135,136,M,18
136,137,F,45
137,138,M,18
138,139,F,25
139,140,F,35
140,141,M,35
141,142,M,25
142,143,M,18
143,144,M,25
144,145,M,18
145,146,F,35
146,147,M,18
147,148,M,50
148,149,M,25
149,150,M,35
150,151,F,25
151,152,M,18
152,153,M,1
153,154,M,50
154,155,M,35
155,156,F,45
156,157,M,35
157,158,M,56
158,159,F,45
159,160,M,35
160,161,M,45
161,162,F,18
162,163,M,18
163,164,F,56
164,165,M,18
165,166,M,18
166,167,F,25
167,168,F,50
168,169,M,25
169,170,M,25
170,171,F,50
171,172,M,25
172,173,M,25
173,174,M,25
174,175,F,25
175,176,F,18
176,177,M,50
177,178,M,56
178,179,M,25
179,180,M,45
180,181,M,18
181,182,M,18
182,183,F,45
183,184,F,25
184,185,M,45
185,186,M,18
186,187,F,45
187,188,M,56
188,189,M,18
189,190,M,25
190,191,M,18
191,192,M,18
192,193,F,45
193,194,F,1
194,195,M,25
195,196,F,35
196,197,M,18
197,198,M,25
198,199,M,18
199,200,F,18
200,201,F,35
201,202,M,18
202,203,F,18
203,204,M,25
204,205,M,35
205,206,M,25
206,207,M,25
207,208,M,35
208,209,M,35
209,210,F,1
210,211,M,45
211,212,M,25
212,213,F,18
213,214,M,18
214,215,M,35
215,216,M,45
216,217,M,18
217,218,M,35
218,219,F,25
219,220,M,25
220,221,F,25
221,222,M,25
222,223,M,25
223,224,F,18
224,225,M,25
225,226,M,35
226,227,M,35
227,228,M,25
228,229,M,18
229,230,M,45
230,231,M,25
231,232,M,25
232,233,F,45
233,234,M,35
234,235,M,25
235,236,M,25
236,237,M,25
237,238,F,50
238,239,M,18
239,240,M,50
240,241,M,35
241,242,F,18
242,243,M,25
243,244,M,50
244,245,M,35
245,246,F,18
246,247,M,25
247,248,M,18
248,249,F,18
249,250,M,35
250,251,M,56
251,252,M,25
252,253,F,25
253,254,M,35
254,255,M,35
255,256,M,45
256,257,M,18
257,258,M,25
258,259,M,25
259,260,M,18
260,261,M,25
261,262,F,25
262,263,F,25
263,264,M,35
264,265,F,35
265,266,M,35
266,267,M,45
267,268,F,18
268,269,M,25
269,270,M,50
270,271,M,18
271,272,M,18
272,273,M,18
273,274,M,18
274,275,M,25
275,276,M,45
276,277,F,35
277,278,M,45
278,279,M,25
279,280,M,50
280,281,F,35
281,282,M,25
282,283,M,25
283,284,M,25
284,285,F,35
285,286,M,25
286,287,M,50
287,288,F,25
288,289,F,25
289,290,F,25
290,291,M,35
291,292,M,35
292,293,M,56
293,294,F,45
294,295,M,18
295,296,M,50
296,297,M,18
297,298,F,18
298,299,M,25
299,300,M,25
300,301,M,18
301,302,M,18
302,303,M,25
303,304,M,25
304,305,F,18
305,306,M,18
306,307,M,50
307,308,M,25
308,309,M,25
309,310,F,18
310,311,M,18
311,312,F,50
312,313,F,18
313,314,F,56
314,315,F,56
315,316,M,56
316,317,M,35
317,318,F,56
318,319,F,50
319,320,M,35
320,321,M,18
321,322,M,56
322,323,M,45
323,324,M,35
324,325,F,50
325,326,M,50
326,327,M,35
327,328,M,35
328,329,M,35
329,330,M,56
330,331,M,25
331,332,M,50
332,333,M,35
333,334,F,56
334,335,M,35
335,336,M,18
336,337,M,18
337,338,M,35
338,339,M,50
339,340,F,25
340,341,F,56
341,342,M,18
342,343,F,35
343,344,M,35
344,345,M,25
345,346,F,25
346,347,F,56
347,348,M,50
348,349,M,1
349,350,M,45
350,351,M,18
351,352,M,18
352,353,F,35
353,354,M,35
354,355,M,18
355,356,M,56
356,357,M,18
357,358,F,56
358,359,M,25
359,360,M,35
360,361,F,25
361,362,M,35
362,363,M,18
363,364,F,35
364,365,F,18
365,366,M,50
366,367,M,50
367,368,M,25
368,369,M,35
369,370,M,18
370,371,M,18
371,372,F,18
372,373,F,25
373,374,F,35
374,375,M,25
375,376,M,35
376,377,M,25
377,378,F,18
378,379,F,35
379,380,M,25
380,381,M,35
381,382,F,35
382,383,F,25
383,384,M,25
384,385,M,25
385,386,M,25
386,387,F,35
387,388,F,25
388,389,M,25
389,390,M,25
390,391,M,45
391,392,M,18
392,393,M,35
393,394,M,18
394,395,M,18
395,396,M,25
396,397,M,35
397,398,M,25
398,399,F,35
399,400,F,18
400,401,M,18
401,402,M,25
402,403,M,18
403,404,M,18
404,405,M,56
405,406,M,25
406,407,M,18
407,408,M,25
408,409,M,18
409,410,F,25
410,411,F,45
411,412,M,35
412,413,M,25
413,414,M,25
414,415,F,35
415,416,M,45
416,417,F,25
417,418,F,25
418,419,M,18
419,420,M,35
420,421,F,45
421,422,M,56
422,423,M,18
423,424,M,25
424,425,M,25
425,426,M,18
426,427,M,35
427,428,F,18
428,429,M,18
429,430,F,18
430,431,M,18
431,432,M,45
432,433,M,50
433,434,F,45
434,435,M,25
435,436,M,18
436,437,M,35
437,438,M,18
438,439,M,35
439,440,M,56
440,441,M,35
441,442,M,25
442,443,M,25
443,444,M,56
444,445,M,45
445,446,F,50
446,447,F,45
447,448,M,25
448,449,M,25
449,450,M,45
450,451,M,56
451,452,M,50
452,453,M,18
453,454,M,25
454,455,F,35
455,456,M,35
456,457,M,18
457,458,M,50
458,459,F,18
459,460,M,45
460,461,M,50
461,462,M,18
462,463,M,25
463,464,F,18
464,465,M,18
465,466,M,25
466,467,F,35
467,468,F,1
468,469,M,35
469,470,F,1
470,471,M,35
471,472,M,35
472,473,F,18
473,474,M,25
474,475,F,25
475,476,M,35
476,477,M,35
477,478,M,50
478,479,M,25
479,480,F,18
480,481,M,45
481,482,M,25
482,483,M,18
483,484,F,1
484,485,M,56
485,486,M,56
486,487,F,35
487,488,M,25
488,489,M,18
489,490,M,1
490,491,M,18
491,492,M,25
492,493,M,50
493,494,F,35
494,495,M,18
495,496,M,18
496,497,F,25
497,498,M,35
498,499,F,25
499,500,F,18
500,501,M,25
501,502,M,35
502,503,M,35
503,504,M,25
504,505,M,35
505,506,M,25
506,507,F,25
507,508,M,25
508,509,M,25
509,510,M,18
510,511,F,45
511,512,M,35
512,513,M,25
513,514,M,25
514,515,M,25
515,516,F,56
516,517,F,25
517,518,F,35
518,519,F,35
519,520,F,35
520,521,M,56
521,522,M,25
522,523,M,50
523,524,M,18
524,525,M,35
525,526,M,45
526,527,F,25
527,528,F,18
528,529,M,35
529,530,M,25
530,531,F,18
531,532,M,25
532,533,M,25
533,534,M,25
534,535,M,35
535,536,M,25
536,537,M,45
537,538,M,56
538,539,M,25
539,540,M,18
540,541,F,18
541,542,M,18
542,543,M,25
543,544,M,35
544,545,M,35
545,546,F,25
546,547,M,35
547,548,F,35
548,549,M,25
549,550,M,45
550,551,M,35
551,552,M,50
552,553,M,25
553,554,M,25
554,555,M,18
555,556,F,25
556,557,M,56
557,558,M,35
558,559,F,25
559,560,M,45
560,561,F,18
561,562,M,35
562,563,M,25
563,564,M,45
564,565,M,25
565,566,M,25
566,567,M,35
567,568,F,50
568,569,F,18
569,570,M,25
570,571,M,50
571,572,M,18
572,573,F,35
573,574,M,25
574,575,M,25
575,576,F,45
576,577,M,35
577,578,M,18
578,579,M,25
579,580,M,1
580,581,M,50
581,582,M,18
582,583,F,25
583,584,F,25
584,585,M,18
585,586,M,35
586,587,M,25
587,588,F,25
588,589,M,18
589,590,F,35
590,591,M,25
591,592,M,18
592,593,F,50
593,594,F,56
594,595,M,25
595,596,F,25
596,597,M,35
597,598,M,35
598,599,M,50
599,600,M,35
600,601,F,18
601,602,F,56
602,603,F,25
603,604,M,45
604,605,F,18
605,606,F,1
606,607,M,25
607,608,M,18
608,609,M,25
609,610,M,25
610,611,M,35
611,612,M,50
612,613,M,35
613,614,M,35
614,615,M,50
615,616,M,25
616,617,F,25
617,618,M,25
618,619,F,18
619,620,M,18
620,621,M,18
621,622,M,25
622,623,M,25
623,624,M,25
624,625,F,35
625,626,M,18
626,627,M,50
627,628,F,35
628,629,F,1
629,630,F,35
630,631,M,35
631,632,M,45
632,633,M,25
633,634,F,1
634,635,M,56
635,636,M,18
636,637,M,35
637,638,M,25
638,639,M,45
639,640,M,18
640,641,F,35
641,642,F,35
642,643,M,25
643,644,M,25
644,645,M,35
645,646,M,35
646,647,M,35
647,648,F,25
648,649,M,25
649,650,M,25
650,651,M,35
651,652,M,18
652,653,M,56
653,654,M,50
654,655,F,25
655,656,F,45
656,657,F,50
657,658,F,25
658,659,F,25
659,660,M,45
660,661,M,45
661,662,M,18
662,663,F,25
663,664,M,35
664,665,M,18
665,666,F,18
666,667,M,25
667,668,F,25
668,669,M,25
669,670,M,25
670,671,M,18
671,672,M,35
672,673,M,25
673,674,M,25
674,675,M,25
675,676,M,18
676,677,M,50
677,678,M,25
678,679,M,35
679,680,M,25
680,681,M,35
681,682,M,25
682,683,M,25
683,684,M,25
684,685,M,25
685,686,M,18
686,687,F,25
687,688,M,56
688,689,F,50
689,690,M,25
690,691,M,35
691,692,F,25
692,693,M,35
693,694,M,18
694,695,F,18
695,696,M,25
696,697,F,50
697,698,M,18
698,699,M,18
699,700,M,50
700,701,F,18
701,702,M,35
702,703,F,56
703,704,F,35
704,705,M,25
705,706,M,35
706,707,M,35
707,708,M,25
708,709,M,18
709,710,M,25
710,711,M,25
711,712,M,25
712,713,M,35
713,714,M,18
714,715,M,18
715,716,M,18
716,717,M,25
717,718,M,18
718,719,M,1
719,720,M,18
720,721,F,35
721,722,M,25
722,723,M,25
723,724,M,50
724,725,M,56
725,726,F,25
726,727,M,35
727,728,M,25
728,729,M,35
729,730,M,25
730,731,M,45
731,732,M,25
732,733,M,35
733,734,M,25
734,735,M,25
735,736,M,18
736,737,M,1
737,738,M,18
738,739,M,35
739,740,M,25
740,741,M,25
741,742,M,18
742,743,F,1
743,744,M,25
744,745,M,1
745,746,F,18
746,747,M,18
747,748,M,25
748,749,M,35
749,750,F,35
750,751,F,25
751,752,F,25
752,753,M,1
753,754,M,35
754,755,F,35
755,756,M,35
756,757,M,25
757,758,M,35
758,759,F,56
759,760,M,56
760,761,M,18
761,762,M,1
762,763,M,18
763,764,M,18
764,765,M,25
765,766,F,25
766,767,M,25
767,768,M,25
768,769,M,45
769,770,M,18
770,771,F,50
771,772,M,18
772,773,M,25
773,774,M,18
774,775,M,1
775,776,F,25
776,777,M,18
777,778,M,18
778,779,M,25
779,780,M,25
780,781,M,18
781,782,M,56
782,783,M,25
783,784,M,18
784,785,M,18
785,786,M,25
786,787,M,18
787,788,M,25
788,789,M,18
789,790,M,25
790,791,M,35
791,792,M,25
792,793,F,35
793,794,M,50
794,795,F,35
795,796,M,50
796,797,F,50
797,798,F,25
798,799,F,25
799,800,F,35
800,801,F,25
801,802,M,25
802,803,M,18
803,804,M,25
804,805,M,35
805,806,M,35
806,807,M,18
807,808,M,25
808,809,M,25
809,810,M,25
810,811,M,50
811,812,M,25
812,813,M,18
813,814,F,18
814,815,M,25
815,816,M,45
816,817,M,18
817,818,M,18
818,819,M,35
819,820,M,35
820,821,M,18
821,822,F,25
822,823,M,25
823,824,M,35
824,825,M,56
825,826,F,35
826,827,M,45
827,828,M,18
828,829,M,1
829,830,M,35
830,831,F,45
831,832,M,18
832,833,M,35
833,834,F,35
834,835,M,56
835,836,M,25
836,837,M,56
837,838,M,50
838,839,M,25
839,840,F,25
840,841,F,50
841,842,F,18
842,843,M,25
843,844,M,25
844,845,F,18
845,846,M,25
846,847,F,25
847,848,M,25
848,849,M,25
849,850,M,35
850,851,M,18
851,852,M,25
852,853,M,25
853,854,F,25
854,855,F,18
855,856,F,45
856,857,M,35
857,858,M,35
858,859,M,25
859,860,M,18
860,861,M,25
861,862,M,35
862,863,M,25
863,864,F,25
864,865,M,35
865,866,M,1
866,867,M,45
867,868,M,50
868,869,M,18
869,870,F,25
870,871,M,1
871,872,M,50
872,873,M,56
873,874,M,45
874,875,M,1
875,876,M,25
876,877,M,25
877,878,M,18
878,879,M,45
879,880,M,35
880,881,M,18
881,882,M,18
882,883,F,35
883,884,M,1
884,885,M,35
885,886,F,56
886,887,F,56
887,888,F,1
888,889,M,45
889,890,M,18
890,891,M,25
891,892,M,35
892,893,F,50
893,894,M,18
894,895,M,50
895,896,M,18
896,897,M,25
897,898,M,25
898,899,F,25
899,900,F,56
900,901,F,56
901,902,M,56
902,903,M,56
903,904,M,35
904,905,F,45
905,906,M,1
906,907,F,45
907,908,F,50
908,909,M,45
909,910,F,50
910,911,M,50
911,912,F,35
912,913,M,25
913,914,F,35
914,915,M,25
915,916,F,25
916,917,M,50
917,918,F,45
918,919,F,35
919,920,M,18
920,921,M,25
921,922,M,56
922,923,M,25
923,924,M,50
924,925,F,35
925,926,M,1
926,927,F,25
927,928,F,56
928,929,M,25
929,930,M,25
930,931,F,56
931,932,F,35
932,933,M,45
933,934,F,35
934,935,M,35
935,936,M,18
936,937,M,25
937,938,F,25
938,939,F,25
939,940,M,1
940,941,M,18
941,942,F,50
942,943,F,45
943,944,M,35
944,945,M,45
945,946,M,35
946,947,M,18
947,948,M,56
948,949,M,50
949,950,M,35
950,951,M,45
951,952,M,56
952,953,M,50
953,954,F,25
954,955,F,50
955,956,M,35
956,957,M,35
957,958,M,35
958,959,M,50
959,960,M,1
960,961,M,18
961,962,F,25
962,963,M,25
963,964,M,25
964,965,M,56
965,966,M,56
966,967,F,18
967,968,M,50
968,969,F,25
969,970,M,25
970,971,M,25
971,972,M,45
972,973,F,25
973,974,M,35
974,975,M,35
975,976,M,35
976,977,M,25
977,978,M,18
978,979,M,1
979,980,M,25
980,981,M,25
981,982,F,25
982,983,F,25
983,984,M,50
984,985,M,25
985,986,F,56
986,987,F,35
987,988,M,50
988,989,M,50
989,990,M,18
990,991,F,25
991,992,F,35
992,993,M,25
993,994,M,18
994,995,F,18
995,996,M,25
996,997,M,1
997,998,M,45
998,999,M,25
999,1000,F,25
1000,1001,M,25
1001,1002,M,50
1002,1003,M,25
1003,1004,M,25
1004,1005,M,35
1005,1006,M,18
1006,1007,M,50
1007,1008,M,35
1008,1009,M,50
1009,1010,M,25
1010,1011,M,25
1011,1012,F,35
1012,1013,M,56
1013,1014,F,45
1014,1015,M,35
1015,1016,M,56
1016,1017,M,35
1017,1018,M,18
1018,1019,M,35
1019,1020,M,18
1020,1021,M,35
1021,1022,M,25
1022,1023,M,56
1023,1024,F,35
1024,1025,M,25
1025,1026,F,45
1026,1027,M,18
1027,1028,F,45
1028,1029,M,25
1029,1030,M,25
1030,1031,M,35
1031,1032,M,50
1032,1033,M,25
1033,1034,F,35
1034,1035,M,18
1035,1036,M,35
1036,1037,M,45
1037,1038,F,56
1038,1039,F,35
1039,1040,M,25
1040,1041,M,45
1041,1042,M,35
1042,1043,F,50
1043,1044,M,25
1044,1045,F,1
1045,1046,M,56
1046,1047,M,18
1047,1048,M,35
1048,1049,M,45
1049,1050,M,25
1050,1051,F,25
1051,1052,F,35
1052,1053,M,35
1053,1054,M,1
1054,1055,M,35
1055,1056,M,1
1056,1057,M,45
1057,1058,M,25
1058,1059,F,25
1059,1060,M,18
1060,1061,M,45
1061,1062,M,50
1062,1063,M,35
1063,1064,M,25
1064,1065,F,25
1065,1066,M,45
1066,1067,M,35
1067,1068,F,18
1068,1069,M,25
1069,1070,F,45
1070,1071,M,50
1071,1072,F,35
1072,1073,F,25
1073,1074,M,45
1074,1075,F,25
1075,1076,F,25
1076,1077,M,25
1077,1078,F,45
1078,1079,M,25
1079,1080,M,56
1080,1081,M,18
1081,1082,M,45
1082,1083,M,56
1083,1084,M,1
1084,1085,M,25
1085,1086,M,18
1086,1087,M,25
1087,1088,F,1
1088,1089,M,35
1089,1090,M,25
1090,1091,M,18
1091,1092,F,18
1092,1093,M,50
1093,1094,F,18
1094,1095,F,56
1095,1096,M,1
1096,1097,M,18
1097,1098,M,35
1098,1099,M,25
1099,1100,M,25
1100,1101,M,35
1101,1102,M,18
1102,1103,F,45
1103,1104,M,35
1104,1105,M,35
1105,1106,M,18
1106,1107,F,50
1107,1108,M,56
1108,1109,M,18
1109,1110,F,56
1110,1111,F,50
1111,1112,M,18
1112,1113,M,18
1113,1114,F,18
1114,1115,F,25
1115,1116,M,25
1116,1117,M,18
1117,1118,M,50
1118,1119,M,35
1119,1120,M,18
1120,1121,M,56
1121,1122,M,56
1122,1123,M,50
1123,1124,M,25
1124,1125,F,18
1125,1126,M,56
1126,1127,M,25
1127,1128,M,25
1128,1129,M,35
1129,1130,M,18
1130,1131,M,56
1131,1132,M,18
1132,1133,M,18
1133,1134,M,18
1134,1135,M,50
1135,1136,F,35
1136,1137,M,18
1137,1138,M,18
1138,1139,M,25
1139,1140,F,45
1140,1141,F,25
1141,1142,M,18
1142,1143,M,50
1143,1144,M,25
1144,1145,M,50
1145,1146,F,18
1146,1147,M,25
1147,1148,M,35
1148,1149,M,25
1149,1150,F,25
1150,1151,M,25
1151,1152,M,18
1152,1153,M,18
1153,1154,F,1
1154,1155,M,25
1155,1156,F,50
1156,1157,M,45
1157,1158,F,35
1158,1159,M,18
1159,1160,M,18
1160,1161,M,25
1161,1162,F,35
1162,1163,M,1
1163,1164,F,25
1164,1165,M,25
1165,1166,M,56
1166,1167,F,50
1167,1168,F,25
1168,1169,M,25
1169,1170,M,56
1170,1171,M,45
1171,1172,F,25
1172,1173,F,25
1173,1174,F,18
1174,1175,F,25
1175,1176,M,56
1176,1177,F,25
1177,1178,M,56
1178,1179,M,50
1179,1180,F,50
1180,1181,M,35
1181,1182,M,1
1182,1183,M,35
1183,1184,F,25
1184,1185,F,35
1185,1186,M,18
1186,1187,F,1
1187,1188,M,45
1188,1189,M,25
1189,1190,M,45
1190,1191,F,35
1191,1192,M,50
1192,1193,M,25
1193,1194,F,25
1194,1195,F,1
1195,1196,F,18
1196,1197,M,35
1197,1198,M,1
1198,1199,M,50
1199,1200,M,1
1200,1201,M,18
1201,1202,M,35
1202,1203,F,25
1203,1204,M,25
1204,1205,F,56
1205,1206,F,50
1206,1207,M,50
1207,1208,M,25
1208,1209,M,35
1209,1210,M,25
1210,1211,M,18
1211,1212,F,50
1212,1213,M,50
1213,1214,M,56
1214,1215,M,35
1215,1216,M,25
1216,1217,M,25
1217,1218,M,56
1218,1219,M,25
1219,1220,M,1
1220,1221,M,18
1221,1222,M,35
1222,1223,M,25
1223,1224,M,50
1224,1225,M,45
1225,1226,M,18
1226,1227,M,50
1227,1228,M,25
1228,1229,F,25
1229,1230,M,25
1230,1231,M,25
1231,1232,F,18
1232,1233,F,45
1233,1234,M,18
1234,1235,F,25
1235,1236,F,25
1236,1237,M,18
1237,1238,F,35
1238,1239,F,25
1239,1240,F,18
1240,1241,M,1
1241,1242,F,35
1242,1243,M,35
1243,1244,M,25
1244,1245,M,25
1245,1246,M,18
1246,1247,M,35
1247,1248,F,35
1248,1249,M,35
1249,1250,M,50
1250,1251,M,25
1251,1252,M,56
1252,1253,F,35
1253,1254,F,18
1254,1255,M,25
1255,1256,M,25
1256,1257,F,18
1257,1258,M,45
1258,1259,M,35
1259,1260,M,25
1260,1261,M,18
1261,1262,M,25
1262,1263,M,1
1263,1264,M,25
1264,1265,F,18
1265,1266,M,25
1266,1267,M,25
1267,1268,M,50
1268,1269,F,56
1269,1270,M,25
1270,1271,F,45
1271,1272,M,18
1272,1273,M,35
1273,1274,M,45
1274,1275,M,50
1275,1276,M,35
1276,1277,F,18
1277,1278,M,18
1278,1279,M,35
1279,1280,M,1
1280,1281,M,25
1281,1282,M,50
1282,1283,F,18
1283,1284,M,45
1284,1285,M,35
1285,1286,M,35
1286,1287,F,50
1287,1288,F,35
1288,1289,M,45
1289,1290,M,35
1290,1291,F,35
1291,1292,M,25
1292,1293,M,25
1293,1294,F,50
1294,1295,F,35
1295,1296,M,1
1296,1297,M,25
1297,1298,M,35
1298,1299,M,25
1299,1300,M,1
1300,1301,F,25
1301,1302,M,18
1302,1303,M,25
1303,1304,M,25
1304,1305,M,45
1305,1306,M,25
1306,1307,M,56
1307,1308,M,1
1308,1309,M,25
1309,1310,M,45
1310,1311,M,18
1311,1312,M,25
1312,1313,M,18
1313,1314,F,18
1314,1315,M,35
1315,1316,M,50
1316,1317,M,45
1317,1318,M,18
1318,1319,F,25
1319,1320,M,25
1320,1321,F,25
1321,1322,M,56
1322,1323,F,35
1323,1324,M,35
1324,1325,M,25
1325,1326,F,25
1326,1327,M,1
1327,1328,M,35
1328,1329,M,18
1329,1330,M,56
1330,1331,M,45
1331,1332,M,25
1332,1333,M,25
1333,1334,M,50
1334,1335,M,35
1335,1336,F,50
1336,1337,M,56
1337,1338,M,25
1338,1339,M,35
1339,1340,M,25
1340,1341,M,18
1341,1342,M,35
1342,1343,M,35
1343,1344,F,25
1344,1345,F,25
1345,1346,M,35
1346,1347,F,18
1347,1348,F,1
1348,1349,M,50
1349,1350,F,35
1350,1351,F,25
1351,1352,M,35
1352,1353,M,1
1353,1354,F,25
1354,1355,F,45
1355,1356,F,18
1356,1357,M,45
1357,1358,M,35
1358,1359,M,35
1359,1360,M,25
1360,1361,F,25
1361,1362,M,35
1362,1363,M,50
1363,1364,F,45
1364,1365,F,1
1365,1366,M,1
1366,1367,M,25
1367,1368,F,25
1368,1369,M,25
1369,1370,M,35
1370,1371,F,50
1371,1372,M,1
1372,1373,F,25
1373,1374,M,50
1374,1375,F,45
1375,1376,F,45
1376,1377,M,35
1377,1378,F,45
1378,1379,F,56
1379,1380,M,1
1380,1381,M,18
1381,1382,F,45
1382,1383,F,25
1383,1384,M,18
1384,1385,F,25
1385,1386,F,25
1386,1387,F,50
1387,1388,M,56
1388,1389,M,25
1389,1390,M,35
1390,1391,M,35
1391,1392,M,45
1392,1393,M,18
1393,1394,F,25
1394,1395,M,25
1395,1396,F,25
1396,1397,M,35
1397,1398,F,56
1398,1399,M,18
1399,1400,M,25
1400,1401,F,18
1401,1402,M,18
1402,1403,F,25
1403,1404,M,50
1404,1405,M,56
1405,1406,M,25
1406,1407,F,35
1407,1408,M,25
1408,1409,M,18
1409,1410,M,50
1410,1411,M,35
1411,1412,M,25
1412,1413,M,18
1413,1414,M,18
1414,1415,M,45
1415,1416,M,25
1416,1417,M,35
1417,1418,M,18
1418,1419,F,25
1419,1420,M,18
1420,1421,F,1
1421,1422,M,35
1422,1423,M,25
1423,1424,M,35
1424,1425,M,1
1425,1426,M,18
1426,1427,M,25
1427,1428,F,45
1428,1429,F,35
1429,1430,M,18
1430,1431,M,56
1431,1432,M,35
1432,1433,F,18
1433,1434,F,1
1434,1435,M,25
1435,1436,F,50
1436,1437,M,50
1437,1438,M,18
1438,1439,M,35
1439,1440,M,35
1440,1441,M,35
1441,1442,M,18
1442,1443,M,35
1443,1444,F,25
1444,1445,M,25
1445,1446,M,35
1446,1447,M,18
1447,1448,F,25
1448,1449,M,35
1449,1450,M,18
1450,1451,M,35
1451,1452,F,56
1452,1453,M,25
1453,1454,M,18
1454,1455,F,45
1455,1456,M,25
1456,1457,M,25
1457,1458,M,1
1458,1459,F,25
1459,1460,F,18
1460,1461,F,45
1461,1462,M,35
1462,1463,M,50
1463,1464,M,35
1464,1465,M,50
1465,1466,M,18
1466,1467,M,25
1467,1468,M,1
1468,1469,M,56
1469,1470,M,18
1470,1471,M,25
1471,1472,M,25
1472,1473,M,25
1473,1474,M,25
1474,1475,F,25
1475,1476,F,18
1476,1477,F,45
1477,1478,M,1
1478,1479,F,50
1479,1480,M,25
1480,1481,M,35
1481,1482,M,25
1482,1483,M,18
1483,1484,M,25
1484,1485,F,25
1485,1486,M,25
1486,1487,M,35
1487,1488,M,25
1488,1489,F,35
1489,1490,M,50
1490,1491,M,18
1491,1492,M,25
1492,1493,F,25
1493,1494,M,25
1494,1495,M,18
1495,1496,M,25
1496,1497,M,50
1497,1498,M,18
1498,1499,M,1
1499,1500,M,25
1500,1501,M,25
1501,1502,M,18
1502,1503,M,25
1503,1504,M,18
1504,1505,M,50
1505,1506,M,25
1506,1507,M,35
1507,1508,F,1
1508,1509,M,1
1509,1510,F,25
1510,1511,M,35
1511,1512,M,25
1512,1513,F,35
1513,1514,M,18
1514,1515,M,25
1515,1516,F,25
1516,1517,M,18
1517,1518,M,25
1518,1519,M,18
1519,1520,M,25
1520,1521,F,25
1521,1522,M,35
1522,1523,M,25
1523,1524,M,18
1524,1525,F,25
1525,1526,M,56
1526,1527,M,18
1527,1528,M,25
1528,1529,M,18
1529,1530,M,25
1530,1531,M,45
1531,1532,M,18
1532,1533,M,45
1533,1534,M,50
1534,1535,F,18
1535,1536,F,35
1536,1537,M,18
1537,1538,M,25
1538,1539,M,25
1539,1540,M,45
1540,1541,M,56
1541,1542,M,18
1542,1543,M,25
1543,1544,M,25
1544,1545,M,25
1545,1546,M,25
1546,1547,M,56
1547,1548,M,35
1548,1549,M,35
1549,1550,M,18
1550,1551,M,25
1551,1552,M,45
1552,1553,F,25
1553,1554,F,35
1554,1555,F,18
1555,1556,M,18
1556,1557,F,18
1557,1558,M,18
1558,1559,M,35
1559,1560,F,25
1560,1561,F,18
1561,1562,M,18
1562,1563,F,1
1563,1564,M,50
1564,1565,M,45
1565,1566,M,35
1566,1567,M,25
1567,1568,F,1
1568,1569,F,56
1569,1570,M,18
1570,1571,M,25
1571,1572,F,25
1572,1573,M,1
1573,1574,M,25
1574,1575,F,50
1575,1576,F,45
1576,1577,M,56
1577,1578,M,18
1578,1579,M,25
1579,1580,F,18
1580,1581,F,18
1581,1582,M,18
1582,1583,M,35
1583,1584,M,25
1584,1585,M,56
1585,1586,M,45
1586,1587,F,25
1587,1588,M,25
1588,1589,M,25
1589,1590,M,35
1590,1591,M,50
1591,1592,M,35
1592,1593,M,25
1593,1594,F,35
1594,1595,M,35
1595,1596,F,18
1596,1597,M,25
1597,1598,M,35
1598,1599,M,25
1599,1600,M,35
1600,1601,M,25
1601,1602,F,25
1602,1603,F,25
1603,1604,M,25
1604,1605,F,18
1605,1606,F,35
1606,1607,M,45
1607,1608,M,25
1608,1609,F,35
1609,1610,M,25
1610,1611,M,25
1611,1612,M,25
1612,1613,M,18
1613,1614,M,35
1614,1615,F,45
1615,1616,M,25
1616,1617,M,25
1617,1618,M,50
1618,1619,M,50
1619,1620,M,25
1620,1621,M,25
1621,1622,M,18
1622,1623,M,50
1623,1624,M,25
1624,1625,M,45
1625,1626,M,18
1626,1627,M,18
1627,1628,M,18
1628,1629,M,18
1629,1630,M,45
1630,1631,F,50
1631,1632,M,25
1632,1633,F,45
1633,1634,F,56
1634,1635,M,25
1635,1636,F,25
1636,1637,M,56
1637,1638,F,18
1638,1639,M,25
1639,1640,M,35
1640,1641,M,25
1641,1642,M,50
1642,1643,M,45
1643,1644,M,18
1644,1645,F,18
1645,1646,M,25
1646,1647,M,18
1647,1648,M,50
1648,1649,M,18
1649,1650,M,25
1650,1651,M,25
1651,1652,M,25
1652,1653,M,18
1653,1654,F,45
1654,1655,M,18
1655,1656,M,25
1656,1657,F,45
1657,1658,F,35
1658,1659,F,18
1659,1660,F,25
1660,1661,M,35
1661,1662,M,25
1662,1663,M,18
1663,1664,F,18
1664,1665,M,45
1665,1666,M,25
1666,1667,M,50
1667,1668,M,35
1668,1669,F,25
1669,1670,F,56
1670,1671,M,35
1671,1672,M,25
1672,1673,M,1
1673,1674,M,35
1674,1675,F,25
1675,1676,M,18
1676,1677,M,18
1677,1678,F,18
1678,1679,M,25
1679,1680,M,25
1680,1681,M,18
1681,1682,M,25
1682,1683,F,25
1683,1684,M,18
1684,1685,M,35
1685,1686,M,35
1686,1687,M,25
1687,1688,F,18
1688,1689,M,35
1689,1690,M,35
1690,1691,F,25
1691,1692,M,35
1692,1693,M,25
1693,1694,M,25
1694,1695,M,25
1695,1696,M,35
1696,1697,F,18
1697,1698,M,35
1698,1699,F,25
1699,1700,M,25
1700,1701,F,25
1701,1702,M,18
1702,1703,M,18
1703,1704,M,25
1704,1705,F,18
1705,1706,M,25
1706,1707,M,50
1707,1708,M,25
1708,1709,M,25
1709,1710,M,18
1710,1711,F,18
1711,1712,M,25
1712,1713,M,25
1713,1714,M,25
1714,1715,M,25
1715,1716,M,25
1716,1717,F,50
1717,1718,M,18
1718,1719,M,18
1719,1720,M,18
1720,1721,M,18
1721,1722,M,35
1722,1723,M,35
1723,1724,M,18
1724,1725,M,18
1725,1726,M,25
1726,1727,M,35
1727,1728,M,18
1728,1729,M,25
1729,1730,F,18
1730,1731,F,18
1731,1732,M,18
1732,1733,M,18
1733,1734,M,45
1734,1735,M,18
1735,1736,M,56
1736,1737,M,35
1737,1738,M,35
1738,1739,M,56
1739,1740,M,56
1740,1741,M,35
1741,1742,M,25
1742,1743,M,35
1743,1744,M,35
1744,1745,M,45
1745,1746,M,25
1746,1747,M,25
1747,1748,M,50
1748,1749,M,25
1749,1750,M,50
1750,1751,M,35
1751,1752,M,25
1752,1753,M,35
1753,1754,M,18
1754,1755,F,18
1755,1756,F,25
1756,1757,M,25
1757,1758,F,25
1758,1759,M,25
1759,1760,F,25
1760,1761,M,35
1761,1762,M,25
1762,1763,M,35
1763,1764,M,18
1764,1765,M,18
1765,1766,F,45
1766,1767,M,25
1767,1768,M,45
1768,1769,M,25
1769,1770,M,35
1770,1771,M,25
1771,1772,M,56
1772,1773,M,18
1773,1774,M,25
1774,1775,M,25
1775,1776,M,25
1776,1777,M,25
1777,1778,M,18
1778,1779,M,18
1779,1780,M,35
1780,1781,F,35
1781,1782,M,45
1782,1783,M,18
1783,1784,M,18
1784,1785,M,18
1785,1786,M,45
1786,1787,M,18
1787,1788,M,45
1788,1789,M,1
1789,1790,M,25
1790,1791,M,18
1791,1792,F,25
1792,1793,M,25
1793,1794,M,25
1794,1795,M,18
1795,1796,M,50
1796,1797,M,35
1797,1798,M,45
1798,1799,M,35
1799,1800,M,18
1800,1801,F,25
1801,1802,M,18
1802,1803,M,25
1803,1804,M,25
1804,1805,M,18
1805,1806,M,18
1806,1807,M,18
1807,1808,F,18
1808,1809,F,25
1809,1810,M,50
1810,1811,M,56
1811,1812,F,25
1812,1813,F,35
1813,1814,M,50
1814,1815,M,1
1815,1816,F,35
1816,1817,M,35
1817,1818,M,1
1818,1819,F,35
1819,1820,M,25
1820,1821,M,25
1821,1822,F,25
1822,1823,F,35
1823,1824,F,18
1824,1825,M,25
1825,1826,M,45
1826,1827,F,25
1827,1828,M,18
1828,1829,M,25
1829,1830,M,18
1830,1831,M,18
1831,1832,F,18
1832,1833,M,18
1833,1834,M,35
1834,1835,M,25
1835,1836,M,25
1836,1837,M,25
1837,1838,M,35
1838,1839,M,18
1839,1840,M,25
1840,1841,M,18
1841,1842,M,18
1842,1843,M,25
1843,1844,F,18
1844,1845,M,25
1845,1846,M,45
1846,1847,M,18
1847,1848,M,35
1848,1849,M,35
1849,1850,M,18
1850,1851,M,25
1851,1852,M,25
1852,1853,M,50
1853,1854,M,25
1854,1855,M,18
1855,1856,M,56
1856,1857,M,1
1857,1858,F,18
1858,1859,F,25
1859,1860,M,56
1860,1861,M,50
1861,1862,M,50
1862,1863,M,18
1863,1864,M,35
1864,1865,F,18
1865,1866,M,25
1866,1867,M,50
1867,1868,M,50
1868,1869,M,45
1869,1870,M,56
1870,1871,F,45
1871,1872,M,50
1872,1873,M,35
1873,1874,M,45
1874,1875,M,35
1875,1876,M,25
1876,1877,F,45
1877,1878,M,1
1878,1879,M,25
1879,1880,M,35
1880,1881,M,35
1881,1882,M,35
1882,1883,F,50
1883,1884,M,45
1884,1885,M,50
1885,1886,M,25
1886,1887,M,56
1887,1888,M,35
1888,1889,M,18
1889,1890,M,50
1890,1891,M,45
1891,1892,M,25
1892,1893,F,35
1893,1894,F,35
1894,1895,M,35
1895,1896,M,56
1896,1897,F,50
1897,1898,M,25
1898,1899,F,45
1899,1900,M,56
1900,1901,M,50
1901,1902,M,25
1902,1903,M,35
1903,1904,M,18
1904,1905,F,35
1905,1906,F,25
1906,1907,M,35
1907,1908,M,56
1908,1909,M,18
1909,1910,M,1
1910,1911,F,18
1911,1912,M,25
1912,1913,M,25
1913,1914,F,35
1914,1915,M,50
1915,1916,M,45
1916,1917,M,18
1917,1918,F,45
1918,1919,M,1
1919,1920,F,35
1920,1921,M,56
1921,1922,F,25
1922,1923,M,35
1923,1924,F,56
1924,1925,M,50
1925,1926,F,1
1926,1927,M,35
1927,1928,M,1
1928,1929,F,1
1929,1930,M,25
1930,1931,M,25
1931,1932,M,25
1932,1933,M,18
1933,1934,M,25
1934,1935,M,1
1935,1936,M,35
1936,1937,M,25
1937,1938,F,25
1938,1939,F,35
1939,1940,M,25
1940,1941,M,35
1941,1942,M,35
1942,1943,M,18
1943,1944,F,18
1944,1945,M,25
1945,1946,M,25
1946,1947,M,25
1947,1948,M,1
1948,1949,M,18
1949,1950,M,25
1950,1951,F,18
1951,1952,M,35
1952,1953,F,25
1953,1954,M,25
1954,1955,M,1
1955,1956,M,35
1956,1957,F,18
1957,1958,F,25
1958,1959,F,50
1959,1960,M,45
1960,1961,F,50
1961,1962,F,18
1962,1963,F,50
1963,1964,F,25
1964,1965,M,56
1965,1966,M,25
1966,1967,M,50
1967,1968,M,25
1968,1969,F,25
1969,1970,M,50
1970,1971,F,25
1971,1972,M,45
1972,1973,M,25
1973,1974,M,35
1974,1975,M,18
1975,1976,M,35
1976,1977,M,56
1977,1978,M,1
1978,1979,M,56
1979,1980,M,35
1980,1981,M,56
1981,1982,M,1
1982,1983,M,25
1983,1984,M,18
1984,1985,M,45
1985,1986,M,50
1986,1987,M,25
1987,1988,F,25
1988,1989,M,50
1989,1990,M,25
1990,1991,M,25
1991,1992,M,18
1992,1993,M,35
1993,1994,M,35
1994,1995,M,25
1995,1996,M,35
1996,1997,M,25
1997,1998,F,50
1998,1999,F,35
1999,2000,M,18
2000,2001,M,50
2001,2002,F,56
2002,2003,M,1
2003,2004,M,45
2004,2005,M,18
2005,2006,M,35
2006,2007,M,50
2007,2008,M,25
2008,2009,F,35
2009,2010,M,18
2010,2011,F,35
2011,2012,M,25
2012,2013,M,45
2013,2014,M,18
2014,2015,M,18
2015,2016,F,56
2016,2017,M,25
2017,2018,M,35
2018,2019,M,50
2019,2020,M,25
2020,2021,M,25
2021,2022,M,25
2022,2023,M,18
2023,2024,M,1
2024,2025,M,56
2025,2026,M,50
2026,2027,F,25
2027,2028,M,45
2028,2029,F,25
2029,2030,M,25
2030,2031,M,35
2031,2032,M,50
2032,2033,F,45
2033,2034,F,45
2034,2035,F,18
2035,2036,F,25
2036,2037,M,56
2037,2038,F,45
2038,2039,M,50
2039,2040,F,25
2040,2041,F,25
2041,2042,M,1
2042,2043,M,25
2043,2044,F,45
2044,2045,F,1
2045,2046,M,35
2046,2047,M,1
2047,2048,M,50
2048,2049,F,50
2049,2050,F,35
2050,2051,M,35
2051,2052,M,1
2052,2053,M,45
2053,2054,M,25
2054,2055,M,50
2055,2056,M,25
2056,2057,M,35
2057,2058,F,56
2058,2059,M,35
2059,2060,M,1
2060,2061,M,56
2061,2062,M,18
2062,2063,M,25
2063,2064,M,35
2064,2065,M,25
2065,2066,F,25
2066,2067,M,50
2067,2068,F,35
2068,2069,M,56
2069,2070,F,35
2070,2071,M,45
2071,2072,F,50
2072,2073,F,18
2073,2074,M,18
2074,2075,F,25
2075,2076,M,18
2076,2077,M,18
2077,2078,M,18
2078,2079,M,1
2079,2080,M,25
2080,2081,M,18
2081,2082,M,1
2082,2083,M,18
2083,2084,M,18
2084,2085,M,18
2085,2086,M,35
2086,2087,M,25
2087,2088,M,50
2088,2089,M,35
2089,2090,M,35
2090,2091,F,35
2091,2092,M,56
2092,2093,M,18
2093,2094,M,35
2094,2095,M,56
2095,2096,F,25
2096,2097,M,18
2097,2098,M,35
2098,2099,F,18
2099,2100,F,25
2100,2101,M,25
2101,2102,M,25
2102,2103,M,35
2103,2104,M,45
2104,2105,M,25
2105,2106,F,18
2106,2107,M,25
2107,2108,M,1
2108,2109,M,25
2109,2110,M,50
2110,2111,M,56
2111,2112,F,45
2112,2113,M,25
2113,2114,M,18
2114,2115,M,35
2115,2116,M,18
2116,2117,M,56
2117,2118,M,25
2118,2119,M,35
2119,2120,M,1
2120,2121,M,56
2121,2122,M,35
2122,2123,F,35
2123,2124,M,25
2124,2125,M,35
2125,2126,M,56
2126,2127,M,18
2127,2128,F,45
2128,2129,M,25
2129,2130,M,45
2130,2131,M,25
2131,2132,M,56
2132,2133,F,1
2133,2134,M,18
2134,2135,M,50
2135,2136,M,35
2136,2137,F,1
2137,2138,F,18
2138,2139,F,50
2139,2140,M,45
2140,2141,F,50
2141,2142,F,45
2142,2143,M,18
2143,2144,M,18
2144,2145,M,18
2145,2146,M,18
2146,2147,F,18
2147,2148,F,18
2148,2149,M,25
2149,2150,F,18
2150,2151,M,56
2151,2152,M,18
2152,2153,M,18
2153,2154,M,25
2154,2155,F,1
2155,2156,M,18
2156,2157,F,18
2157,2158,M,25
2158,2159,F,50
2159,2160,F,18
2160,2161,F,35
2161,2162,F,1
2162,2163,M,18
2163,2164,M,35
2164,2165,M,25
2165,2166,M,1
2166,2167,F,25
2167,2168,M,1
2168,2169,M,1
2169,2170,F,50
2170,2171,M,35
2171,2172,M,18
2172,2173,M,50
2173,2174,M,50
2174,2175,M,25
2175,2176,M,1
2176,2177,F,35
2177,2178,M,45
2178,2179,F,25
2179,2180,M,25
2180,2181,M,25
2181,2182,F,25
2182,2183,F,56
2183,2184,M,18
2184,2185,M,45
2185,2186,M,18
2186,2187,M,45
2187,2188,F,18
2188,2189,M,1
2189,2190,F,25
2190,2191,M,18
2191,2192,F,25
2192,2193,M,1
2193,2194,M,25
2194,2195,M,1
2195,2196,M,25
2196,2197,F,25
2197,2198,F,35
2198,2199,M,1
2199,2200,M,35
2200,2201,M,56
2201,2202,F,1
2202,2203,M,45
2203,2204,M,56
2204,2205,F,25
2205,2206,M,45
2206,2207,M,18
2207,2208,M,25
2208,2209,M,35
2209,2210,M,45
2210,2211,M,45
2211,2212,M,18
2212,2213,F,25
2213,2214,F,25
2214,2215,F,25
2215,2216,F,25
2216,2217,M,1
2217,2218,M,35
2218,2219,M,25
2219,2220,F,50
2220,2221,M,56
2221,2222,F,45
2222,2223,M,25
2223,2224,M,25
2224,2225,M,25
2225,2226,F,25
2226,2227,M,50
2227,2228,M,25
2228,2229,M,45
2229,2230,F,45
2230,2231,M,50
2231,2232,M,25
2232,2233,F,35
2233,2234,M,56
2234,2235,M,1
2235,2236,M,1
2236,2237,F,35
2237,2238,F,25
2238,2239,M,18
2239,2240,M,45
2240,2241,M,45
2241,2242,M,18
2242,2243,M,45
2243,2244,M,1
2244,2245,M,1
2245,2246,M,25
2246,2247,M,45
2247,2248,F,35
2248,2249,M,25
2249,2250,M,18
2250,2251,M,35
2251,2252,F,18
2252,2253,F,50
2253,2254,M,35
2254,2255,F,35
2255,2256,F,45
2256,2257,F,18
2257,2258,F,18
2258,2259,F,56
2259,2260,F,25
2260,2261,M,25
2261,2262,M,45
2262,2263,M,25
2263,2264,F,45
2264,2265,M,56
2265,2266,F,50
2266,2267,F,56
2267,2268,F,35
2268,2269,F,45
2269,2270,M,18
2270,2271,M,50
2271,2272,M,25
2272,2273,M,25
2273,2274,M,18
2274,2275,M,56
2275,2276,M,56
2276,2277,F,45
2277,2278,M,50
2278,2279,M,50
2279,2280,M,56
2280,2281,M,45
2281,2282,M,50
2282,2283,M,35
2283,2284,M,25
2284,2285,F,1
2285,2286,M,35
2286,2287,M,56
2287,2288,M,1
2288,2289,F,50
2289,2290,M,25
2290,2291,M,45
2291,2292,M,50
2292,2293,F,56
2293,2294,M,56
2294,2295,M,45
2295,2296,F,25
2296,2297,M,56
2297,2298,M,35
2298,2299,F,18
2299,2300,M,56
2300,2301,F,25
2301,2302,M,50
2302,2303,M,50
2303,2304,M,45
2304,2305,M,50
2305,2306,F,18
2306,2307,M,25
2307,2308,F,45
2308,2309,F,45
2309,2310,M,45
2310,2311,F,25
2311,2312,M,45
2312,2313,F,50
2313,2314,F,25
2314,2315,M,56
2315,2316,M,35
2316,2317,F,45
2317,2318,M,56
2318,2319,M,35
2319,2320,F,50
2320,2321,M,25
2321,2322,F,56
2322,2323,M,35
2323,2324,M,35
2324,2325,F,18
2325,2326,M,18
2326,2327,M,18
2327,2328,M,56
2328,2329,F,56
2329,2330,M,45
2330,2331,M,56
2331,2332,M,56
2332,2333,M,50
2333,2334,F,56
2334,2335,M,50
2335,2336,M,35
2336,2337,M,35
2337,2338,M,45
2338,2339,F,56
2339,2340,M,35
2340,2341,M,56
2341,2342,M,35
2342,2343,F,45
2343,2344,M,25
2344,2345,M,35
2345,2346,F,1
2346,2347,M,35
2347,2348,M,50
2348,2349,M,25
2349,2350,M,18
2350,2351,F,25
2351,2352,M,50
2352,2353,F,35
2353,2354,M,35
2354,2355,F,45
2355,2356,F,50
2356,2357,F,35
2357,2358,F,56
2358,2359,M,56
2359,2360,M,50
2360,2361,M,56
2361,2362,M,25
2362,2363,M,50
2363,2364,F,56
2364,2365,M,50
2365,2366,F,45
2366,2367,F,25
2367,2368,F,56
2368,2369,M,35
2369,2370,M,50
2370,2371,F,35
2371,2372,F,45
2372,2373,M,45
2373,2374,M,25
2374,2375,F,50
2375,2376,M,25
2376,2377,M,35
2377,2378,M,25
2378,2379,M,18
2379,2380,M,25
2380,2381,F,35
2381,2382,M,50
2382,2383,F,25
2383,2384,M,35
2384,2385,F,45
2385,2386,F,25
2386,2387,M,25
2387,2388,M,56
2388,2389,M,25
2389,2390,F,25
2390,2391,M,50
2391,2392,F,56
2392,2393,M,56
2393,2394,M,35
2394,2395,M,35
2395,2396,F,18
2396,2397,F,35
2397,2398,M,25
2398,2399,M,35
2399,2400,F,25
2400,2401,M,25
2401,2402,M,45
2402,2403,M,18
2403,2404,M,18
2404,2405,M,50
2405,2406,F,56
2406,2407,M,35
2407,2408,F,45
2408,2409,F,35
2409,2410,M,56
2410,2411,F,35
2411,2412,M,56
2412,2413,F,56
2413,2414,M,25
2414,2415,M,25
2415,2416,M,45
2416,2417,M,45
2417,2418,F,1
2418,2419,M,25
2419,2420,M,50
2420,2421,M,35
2421,2422,F,50
2422,2423,F,45
2423,2424,M,25
2424,2425,F,35
2425,2426,M,56
2426,2427,F,25
2427,2428,M,45
2428,2429,M,25
2429,2430,M,25
2430,2431,F,25
2431,2432,M,25
2432,2433,M,25
2433,2434,M,25
2434,2435,M,25
2435,2436,M,25
2436,2437,M,25
2437,2438,M,35
2438,2439,M,45
2439,2440,M,50
2440,2441,F,45
2441,2442,M,35
2442,2443,F,35
2443,2444,F,45
2444,2445,M,25
2445,2446,M,18
2446,2447,M,25
2447,2448,M,35
2448,2449,M,56
2449,2450,M,45
2450,2451,M,45
2451,2452,M,45
2452,2453,M,25
2453,2454,M,18
2454,2455,M,35
2455,2456,M,25
2456,2457,M,25
2457,2458,M,25
2458,2459,M,50
2459,2460,F,50
2460,2461,M,18
2461,2462,M,35
2462,2463,M,25
2463,2464,F,18
2464,2465,M,50
2465,2466,M,25
2466,2467,M,1
2467,2468,M,50
2468,2469,M,25
2469,2470,M,35
2470,2471,M,50
2471,2472,M,25
2472,2473,M,25
2473,2474,M,25
2474,2475,F,25
2475,2476,M,50
2476,2477,M,45
2477,2478,M,50
2478,2479,F,25
2479,2480,F,18
2480,2481,M,35
2481,2482,F,50
2482,2483,M,56
2483,2484,M,45
2484,2485,M,35
2485,2486,M,18
2486,2487,M,45
2487,2488,F,45
2488,2489,F,35
2489,2490,M,25
2490,2491,M,35
2491,2492,F,45
2492,2493,M,45
2493,2494,M,18
2494,2495,F,18
2495,2496,M,50
2496,2497,F,50
2497,2498,M,56
2498,2499,M,50
2499,2500,M,56
2500,2501,M,25
2501,2502,M,56
2502,2503,M,35
2503,2504,M,25
2504,2505,M,25
2505,2506,F,25
2506,2507,M,25
2507,2508,F,35
2508,2509,M,25
2509,2510,M,25
2510,2511,M,25
2511,2512,F,45
2512,2513,M,56
2513,2514,M,56
2514,2515,M,45
2515,2516,F,45
2516,2517,F,35
2517,2518,M,25
2518,2519,F,45
2519,2520,F,56
2520,2521,M,35
2521,2522,M,18
2522,2523,M,25
2523,2524,F,56
2524,2525,F,35
2525,2526,M,56
2526,2527,M,35
2527,2528,M,56
2528,2529,F,35
2529,2530,M,18
2530,2531,F,45
2531,2532,F,56
2532,2533,F,25
2533,2534,F,50
2534,2535,F,56
2535,2536,M,56
2536,2537,M,35
2537,2538,M,56
2538,2539,M,35
2539,2540,F,45
2540,2541,F,35
2541,2542,F,45
2542,2543,F,35
2543,2544,M,45
2544,2545,M,56
2545,2546,F,56
2546,2547,F,35
2547,2548,F,35
2548,2549,M,56
2549,2550,M,50
2550,2551,M,25
2551,2552,F,25
2552,2553,M,25
2553,2554,M,25
2554,2555,M,56
2555,2556,M,25
2556,2557,F,18
2557,2558,M,56
2558,2559,M,18
2559,2560,F,45
2560,2561,M,25
2561,2562,M,18
2562,2563,M,45
2563,2564,F,35
2564,2565,M,35
2565,2566,M,35
2566,2567,M,25
2567,2568,M,25
2568,2569,M,45
2569,2570,F,56
2570,2571,M,35
2571,2572,M,35
2572,2573,M,45
2573,2574,M,50
2574,2575,M,35
2575,2576,M,18
2576,2577,M,25
2577,2578,M,50
2578,2579,M,35
2579,2580,F,45
2580,2581,M,25
2581,2582,F,25
2582,2583,M,35
2583,2584,F,56
2584,2585,M,45
2585,2586,M,25
2586,2587,M,35
2587,2588,F,56
2588,2589,M,25
2589,2590,M,18
2590,2591,M,18
2591,2592,M,50
2592,2593,M,56
2593,2594,M,35
2594,2595,M,18
2595,2596,M,50
2596,2597,F,50
2597,2598,M,25
2598,2599,M,25
2599,2600,M,25
2600,2601,M,35
2601,2602,M,45
2602,2603,M,25
2603,2604,M,25
2604,2605,M,35
2605,2606,M,50
2606,2607,F,56
2607,2608,F,25
2608,2609,F,50
2609,2610,M,45
2610,2611,M,25
2611,2612,F,45
2612,2613,M,35
2613,2614,M,25
2614,2615,M,25
2615,2616,M,35
2616,2617,F,45
2617,2618,F,18
2618,2619,M,35
2619,2620,M,18
2620,2621,M,18
2621,2622,F,35
2622,2623,M,56
2623,2624,F,35
2624,2625,M,35
2625,2626,M,56
2626,2627,M,25
2627,2628,F,25
2628,2629,M,25
2629,2630,F,18
2630,2631,F,50
2631,2632,M,56
2632,2633,F,35
2633,2634,M,56
2634,2635,M,35
2635,2636,M,18
2636,2637,F,35
2637,2638,M,25
2638,2639,F,25
2639,2640,M,35
2640,2641,M,25
2641,2642,M,25
2642,2643,M,45
2643,2644,M,18
2644,2645,M,25
2645,2646,M,45
2646,2647,F,35
2647,2648,M,25
2648,2649,M,25
2649,2650,M,45
2650,2651,M,56
2651,2652,M,35
2652,2653,M,25
2653,2654,F,35
2654,2655,M,35
2655,2656,M,56
2656,2657,F,1
2657,2658,M,25
2658,2659,M,35
2659,2660,M,56
2660,2661,M,56
2661,2662,M,25
2662,2663,F,25
2663,2664,M,35
2664,2665,M,35
2665,2666,M,45
2666,2667,F,35
2667,2668,F,25
2668,2669,M,45
2669,2670,M,35
2670,2671,F,35
2671,2672,M,35
2672,2673,M,35
2673,2674,M,25
2674,2675,M,35
2675,2676,M,56
2676,2677,F,35
2677,2678,M,25
2678,2679,F,18
2679,2680,M,25
2680,2681,F,25
2681,2682,M,18
2682,2683,M,35
2683,2684,F,18
2684,2685,M,45
2685,2686,M,25
2686,2687,M,1
2687,2688,M,25
2688,2689,M,25
2689,2690,M,25
2690,2691,M,18
2691,2692,F,18
2692,2693,M,56
2693,2694,M,18
2694,2695,M,35
2695,2696,M,25
2696,2697,F,50
2697,2698,F,25
2698,2699,F,56
2699,2700,M,25
2700,2701,M,45
2701,2702,M,45
2702,2703,M,35
2703,2704,M,56
2704,2705,M,25
2705,2706,F,25
2706,2707,M,56
2707,2708,M,25
2708,2709,F,25
2709,2710,M,35
2710,2711,F,25
2711,2712,F,18
2712,2713,M,25
2713,2714,M,18
2714,2715,F,50
2715,2716,F,50
2716,2717,M,25
2717,2718,F,25
2718,2719,M,25
2719,2720,M,35
2720,2721,M,45
2721,2722,M,35
2722,2723,F,25
2723,2724,F,45
2724,2725,M,35
2725,2726,M,45
2726,2727,M,25
2727,2728,M,35
2728,2729,M,50
2729,2730,M,35
2730,2731,M,35
2731,2732,M,45
2732,2733,M,45
2733,2734,F,18
2734,2735,M,25
2735,2736,M,45
2736,2737,M,25
2737,2738,F,50
2738,2739,F,35
2739,2740,M,45
2740,2741,M,25
2741,2742,M,25
2742,2743,M,25
2743,2744,M,18
2744,2745,F,35
2745,2746,M,50
2746,2747,F,18
2747,2748,M,25
2748,2749,M,25
2749,2750,F,25
2750,2751,F,25
2751,2752,M,25
2752,2753,F,50
2753,2754,M,50
2754,2755,M,35
2755,2756,M,18
2756,2757,M,25
2757,2758,M,56
2758,2759,M,25
2759,2760,M,56
2760,2761,M,35
2761,2762,M,50
2762,2763,F,18
2763,2764,M,25
2764,2765,M,50
2765,2766,M,45
2766,2767,M,25
2767,2768,M,25
2768,2769,M,25
2769,2770,M,35
2770,2771,M,18
2771,2772,M,35
2772,2773,M,35
2773,2774,M,25
2774,2775,F,18
2775,2776,M,25
2776,2777,M,18
2777,2778,M,56
2778,2779,M,35
2779,2780,M,25
2780,2781,M,35
2781,2782,F,18
2782,2783,M,45
2783,2784,M,50
2784,2785,M,56
2785,2786,M,25
2786,2787,M,25
2787,2788,M,56
2788,2789,M,18
2789,2790,M,25
2790,2791,M,56
2791,2792,M,18
2792,2793,M,35
2793,2794,M,25
2794,2795,M,50
2795,2796,M,25
2796,2797,F,25
2797,2798,M,35
2798,2799,M,18
2799,2800,F,18
2800,2801,F,25
2801,2802,M,35
2802,2803,M,25
2803,2804,F,35
2804,2805,M,56
2805,2806,M,1
2806,2807,F,35
2807,2808,M,56
2808,2809,M,25
2809,2810,F,1
2810,2811,M,25
2811,2812,M,25
2812,2813,M,25
2813,2814,M,35
2814,2815,M,35
2815,2816,M,25
2816,2817,M,35
2817,2818,M,25
2818,2819,M,45
2819,2820,F,35
2820,2821,M,18
2821,2822,M,50
2822,2823,M,25
2823,2824,M,18
2824,2825,F,25
2825,2826,M,35
2826,2827,M,25
2827,2828,M,18
2828,2829,M,45
2829,2830,M,35
2830,2831,M,25
2831,2832,M,25
2832,2833,M,25
2833,2834,M,35
2834,2835,M,35
2835,2836,M,25
2836,2837,M,18
2837,2838,M,18
2838,2839,M,25
2839,2840,M,25
2840,2841,M,50
2841,2842,M,35
2842,2843,F,25
2843,2844,M,25
2844,2845,M,25
2845,2846,F,18
2846,2847,M,18
2847,2848,M,25
2848,2849,M,45
2849,2850,M,18
2850,2851,F,25
2851,2852,M,25
2852,2853,M,1
2853,2854,F,18
2854,2855,M,25
2855,2856,M,35
2856,2857,M,25
2857,2858,F,1
2858,2859,M,18
2859,2860,M,35
2860,2861,M,25
2861,2862,M,45
2862,2863,F,25
2863,2864,F,35
2864,2865,F,25
2865,2866,M,25
2866,2867,M,45
2867,2868,M,35
2868,2869,M,50
2869,2870,M,50
2870,2871,F,25
2871,2872,M,25
2872,2873,F,18
2873,2874,F,35
2874,2875,M,25
2875,2876,M,25
2876,2877,M,35
2877,2878,F,50
2878,2879,M,18
2879,2880,M,18
2880,2881,F,25
2881,2882,M,18
2882,2883,M,18
2883,2884,F,50
2884,2885,F,18
2885,2886,M,18
2886,2887,M,25
2887,2888,M,25
2888,2889,M,35
2889,2890,M,35
2890,2891,F,18
2891,2892,M,25
2892,2893,M,25
2893,2894,M,18
2894,2895,M,25
2895,2896,M,18
2896,2897,M,25
2897,2898,M,18
2898,2899,M,35
2899,2900,M,18
2900,2901,M,25
2901,2902,M,25
2902,2903,M,25
2903,2904,M,25
2904,2905,M,35
2905,2906,M,35
2906,2907,F,35
2907,2908,M,18
2908,2909,M,25
2909,2910,M,1
2910,2911,F,25
2911,2912,F,18
2912,2913,F,35
2913,2914,M,25
2914,2915,M,25
2915,2916,M,45
2916,2917,M,25
2917,2918,M,25
2918,2919,M,18
2919,2920,M,25
2920,2921,M,50
2921,2922,M,25
2922,2923,M,35
2923,2924,F,18
2924,2925,F,25
2925,2926,F,18
2926,2927,M,25
2927,2928,M,25
2928,2929,M,18
2929,2930,M,50
2930,2931,M,18
2931,2932,M,25
2932,2933,M,35
2933,2934,F,35
2934,2935,M,25
2935,2936,F,18
2936,2937,F,18
2937,2938,F,25
2938,2939,F,25
2939,2940,M,25
2940,2941,M,35
2941,2942,F,50
2942,2943,M,35
2943,2944,F,18
2944,2945,F,35
2945,2946,M,35
2946,2947,F,25
2947,2948,M,18
2948,2949,M,25
2949,2950,M,18
2950,2951,F,35
2951,2952,M,25
2952,2953,M,25
2953,2954,M,18
2954,2955,M,35
2955,2956,M,25
2956,2957,M,18
2957,2958,M,25
2958,2959,M,35
2959,2960,M,18
2960,2961,M,50
2961,2962,M,35
2962,2963,F,18
2963,2964,M,25
2964,2965,F,35
2965,2966,F,25
2966,2967,M,25
2967,2968,F,18
2968,2969,M,25
2969,2970,M,18
2970,2971,M,25
2971,2972,M,25
2972,2973,F,18
2973,2974,M,18
2974,2975,M,35
2975,2976,M,18
2976,2977,F,18
2977,2978,M,35
2978,2979,M,35
2979,2980,M,45
2980,2981,M,45
2981,2982,M,25
2982,2983,M,18
2983,2984,M,25
2984,2985,M,18
2985,2986,M,25
2986,2987,M,18
2987,2988,F,18
2988,2989,M,35
2989,2990,M,35
2990,2991,M,50
2991,2992,M,18
2992,2993,M,18
2993,2994,M,35
2994,2995,M,25
2995,2996,M,18
2996,2997,F,35
2997,2998,F,25
2998,2999,M,25
2999,3000,M,25
3000,3001,M,18
3001,3002,M,45
3002,3003,M,18
3003,3004,F,18
3004,3005,M,25
3005,3006,M,18
3006,3007,M,35
3007,3008,M,18
3008,3009,F,35
3009,3010,M,25
3010,3011,M,25
3011,3012,M,25
3012,3013,M,45
3013,3014,M,35
3014,3015,M,56
3015,3016,M,18
3016,3017,F,35
3017,3018,M,35
3018,3019,M,50
3019,3020,F,35
3020,3021,F,45
3021,3022,M,25
3022,3023,F,25
3023,3024,M,35
3024,3025,F,35
3025,3026,F,18
3026,3027,M,18
3027,3028,M,1
3028,3029,M,18
3029,3030,M,35
3030,3031,M,18
3031,3032,M,25
3032,3033,M,18
3033,3034,F,18
3034,3035,F,25
3035,3036,M,56
3036,3037,F,25
3037,3038,F,35
3038,3039,F,50
3039,3040,M,25
3040,3041,M,25
3041,3042,M,56
3042,3043,M,18
3043,3044,M,35
3044,3045,M,45
3045,3046,M,1
3046,3047,F,25
3047,3048,M,18
3048,3049,F,50
3049,3050,M,35
3050,3051,M,18
3051,3052,M,35
3052,3053,F,25
3053,3054,M,18
3054,3055,F,25
3055,3056,M,25
3056,3057,F,25
3057,3058,M,18
3058,3059,M,35
3059,3060,F,35
3060,3061,M,45
3061,3062,M,18
3062,3063,M,18
3063,3064,M,35
3064,3065,F,18
3065,3066,M,18
3066,3067,F,25
3067,3068,F,35
3068,3069,M,18
3069,3070,F,18
3070,3071,M,25
3071,3072,M,50
3072,3073,M,25
3073,3074,M,25
3074,3075,F,25
3075,3076,M,35
3076,3077,M,18
3077,3078,F,35
3078,3079,F,25
3079,3080,M,25
3080,3081,M,25
3081,3082,F,35
3082,3083,F,50
3083,3084,M,25
3084,3085,M,25
3085,3086,M,18
3086,3087,F,1
3087,3088,F,25
3088,3089,M,45
3089,3090,M,25
3090,3091,F,25
3091,3092,M,35
3092,3093,F,45
3093,3094,M,35
3094,3095,F,25
3095,3096,F,45
3096,3097,F,25
3097,3098,M,25
3098,3099,M,25
3099,3100,F,25
3100,3101,M,18
3101,3102,M,25
3102,3103,M,25
3103,3104,M,18
3104,3105,M,35
3105,3106,M,25
3106,3107,M,25
3107,3108,M,50
3108,3109,F,25
3109,3110,M,25
3110,3111,M,18
3111,3112,M,18
3112,3113,M,25
3113,3114,M,18
3114,3115,M,35
3115,3116,M,25
3116,3117,M,35
3117,3118,M,25
3118,3119,M,45
3119,3120,M,18
3120,3121,M,25
3121,3122,F,25
3122,3123,M,25
3123,3124,M,25
3124,3125,M,25
3125,3126,M,25
3126,3127,F,25
3127,3128,M,18
3128,3129,M,25
3129,3130,M,25
3130,3131,F,25
3131,3132,M,35
3132,3133,M,18
3133,3134,M,18
3134,3135,M,25
3135,3136,F,25
3136,3137,M,25
3137,3138,M,35
3138,3139,M,56
3139,3140,F,25
3140,3141,M,25
3141,3142,M,25
3142,3143,F,50
3143,3144,F,25
3144,3145,M,18
3145,3146,M,25
3146,3147,M,25
3147,3148,M,18
3148,3149,M,18
3149,3150,F,25
3150,3151,F,25
3151,3152,M,18
3152,3153,F,25
3153,3154,F,25
3154,3155,M,25
3155,3156,M,35
3156,3157,M,25
3157,3158,M,25
3158,3159,F,25
3159,3160,M,25
3160,3161,M,25
3161,3162,M,25
3162,3163,M,18
3163,3164,M,18
3164,3165,M,35
3165,3166,M,18
3166,3167,M,25
3167,3168,F,35
3168,3169,M,50
3169,3170,M,25
3170,3171,F,50
3171,3172,M,18
3172,3173,M,25
3173,3174,F,18
3174,3175,M,35
3175,3176,M,25
3176,3177,F,25
3177,3178,F,35
3178,3179,F,18
3179,3180,M,25
3180,3181,M,25
3181,3182,M,25
3182,3183,M,50
3183,3184,F,25
3184,3185,M,18
3185,3186,M,50
3186,3187,M,35
3187,3188,M,56
3188,3189,M,25
3189,3190,M,1
3190,3191,M,25
3191,3192,M,18
3192,3193,M,25
3193,3194,M,25
3194,3195,M,18
3195,3196,F,18
3196,3197,F,18
3197,3198,M,25
3198,3199,M,18
3199,3200,F,25
3200,3201,M,45
3201,3202,F,18
3202,3203,M,35
3203,3204,M,45
3204,3205,F,35
3205,3206,M,18
3206,3207,M,35
3207,3208,M,25
3208,3209,M,25
3209,3210,F,45
3210,3211,M,50
3211,3212,F,25
3212,3213,F,25
3213,3214,F,56
3214,3215,F,50
3215,3216,M,35
3216,3217,F,35
3217,3218,M,56
3218,3219,F,18
3219,3220,M,35
3220,3221,M,25
3221,3222,M,35
3222,3223,M,25
3223,3224,F,25
3224,3225,M,18
3225,3226,M,35
3226,3227,F,25
3227,3228,M,25
3228,3229,F,56
3229,3230,M,35
3230,3231,M,25
3231,3232,M,35
3232,3233,M,50
3233,3234,F,1
3234,3235,M,18
3235,3236,M,18
3236,3237,M,35
3237,3238,M,35
3238,3239,F,25
3239,3240,M,18
3240,3241,F,50
3241,3242,M,50
3242,3243,M,25
3243,3244,F,18
3244,3245,M,18
3245,3246,F,35
3246,3247,M,35
3247,3248,F,25
3248,3249,F,25
3249,3250,M,25
3250,3251,M,35
3251,3252,M,50
3252,3253,F,35
3253,3254,F,35
3254,3255,F,25
3255,3256,M,25
3256,3257,M,25
3257,3258,M,45
3258,3259,F,18
3259,3260,M,25
3260,3261,M,45
3261,3262,M,25
3262,3263,M,50
3263,3264,F,25
3264,3265,M,25
3265,3266,F,25
3266,3267,M,25
3267,3268,M,25
3268,3269,F,18
3269,3270,M,18
3270,3271,F,35
3271,3272,M,35
3272,3273,M,35
3273,3274,M,25
3274,3275,M,35
3275,3276,M,25
3276,3277,M,25
3277,3278,M,35
3278,3279,M,45
3279,3280,M,25
3280,3281,M,25
3281,3282,M,45
3282,3283,M,35
3283,3284,M,25
3284,3285,M,25
3285,3286,F,35
3286,3287,M,56
3287,3288,M,25
3288,3289,M,45
3289,3290,M,25
3290,3291,F,25
3291,3292,F,50
3292,3293,M,45
3293,3294,M,18
3294,3295,M,18
3295,3296,M,18
3296,3297,M,18
3297,3298,M,1
3298,3299,F,25
3299,3300,M,35
3300,3301,F,25
3301,3302,M,25
3302,3303,M,56
3303,3304,F,45
3304,3305,M,56
3305,3306,M,45
3306,3307,M,50
3307,3308,F,18
3308,3309,M,25
3309,3310,M,45
3310,3311,M,25
3311,3312,F,18
3312,3313,M,35
3313,3314,M,25
3314,3315,M,25
3315,3316,M,1
3316,3317,M,25
3317,3318,M,56
3318,3319,F,56
3319,3320,M,25
3320,3321,M,35
3321,3322,F,18
3322,3323,M,35
3323,3324,M,35
3324,3325,F,35
3325,3326,M,45
3326,3327,M,18
3327,3328,M,56
3328,3329,M,50
3329,3330,F,35
3330,3331,F,25
3331,3332,M,25
3332,3333,M,18
3333,3334,M,35
3334,3335,M,25
3335,3336,M,35
3336,3337,M,25
3337,3338,M,45
3338,3339,M,25
3339,3340,M,45
3340,3341,M,25
3341,3342,F,25
3342,3343,F,18
3343,3344,M,35
3344,3345,M,25
3345,3346,M,35
3346,3347,F,35
3347,3348,M,45
3348,3349,F,18
3349,3350,F,18
3350,3351,F,18
3351,3352,M,35
3352,3353,M,35
3353,3354,M,25
3354,3355,M,25
3355,3356,M,35
3356,3357,M,25
3357,3358,F,25
3358,3359,M,25
3359,3360,F,25
3360,3361,M,25
3361,3362,F,25
3362,3363,F,35
3363,3364,M,56
3364,3365,M,50
3365,3366,M,35
3366,3367,M,50
3367,3368,M,25
3368,3369,M,45
3369,3370,M,18
3370,3371,M,25
3371,3372,M,56
3372,3373,M,18
3373,3374,M,35
3374,3375,M,25
3375,3376,M,35
3376,3377,M,25
3377,3378,M,18
3378,3379,M,35
3379,3380,M,50
3380,3381,M,25
3381,3382,F,1
3382,3383,M,56
3383,3384,M,35
3384,3385,F,25
3385,3386,M,18
3386,3387,M,18
3387,3388,F,25
3388,3389,M,18
3389,3390,F,45
3390,3391,M,18
3391,3392,M,50
3392,3393,M,35
3393,3394,M,35
3394,3395,M,25
3395,3396,M,25
3396,3397,M,25
3397,3398,M,18
3398,3399,M,25
3399,3400,M,25
3400,3401,M,35
3401,3402,M,35
3402,3403,M,35
3403,3404,M,25
3404,3405,M,35
3405,3406,F,25
3406,3407,F,45
3407,3408,M,25
3408,3409,M,25
3409,3410,M,35
3410,3411,M,18
3411,3412,M,25
3412,3413,F,25
3413,3414,M,25
3414,3415,M,35
3415,3416,M,25
3416,3417,F,18
3417,3418,F,18
3418,3419,M,45
3419,3420,F,25
3420,3421,M,45
3421,3422,M,25
3422,3423,M,25
3423,3424,M,25
3424,3425,M,18
3425,3426,M,25
3426,3427,M,25
3427,3428,M,45
3428,3429,F,25
3429,3430,F,45
3430,3431,F,45
3431,3432,M,25
3432,3433,M,18
3433,3434,M,18
3434,3435,M,45
3435,3436,M,35
3436,3437,F,25
3437,3438,F,25
3438,3439,M,18
3439,3440,M,56
3440,3441,F,25
3441,3442,M,18
3442,3443,F,35
3443,3444,M,50
3444,3445,F,35
3445,3446,M,25
3446,3447,M,25
3447,3448,F,18
3448,3449,M,25
3449,3450,M,25
3450,3451,F,25
3451,3452,M,25
3452,3453,M,35
3453,3454,M,18
3454,3455,F,25
3455,3456,M,25
3456,3457,M,25
3457,3458,M,45
3458,3459,M,18
3459,3460,M,1
3460,3461,M,35
3461,3462,F,25
3462,3463,M,25
3463,3464,F,25
3464,3465,M,25
3465,3466,M,25
3466,3467,M,25
3467,3468,M,25
3468,3469,M,45
3469,3470,M,35
3470,3471,M,18
3471,3472,M,25
3472,3473,F,35
3473,3474,M,35
3474,3475,M,25
3475,3476,M,50
3476,3477,F,50
3477,3478,M,25
3478,3479,M,18
3479,3480,M,25
3480,3481,M,18
3481,3482,M,50
3482,3483,F,45
3483,3484,M,18
3484,3485,M,25
3485,3486,F,18
3486,3487,M,18
3487,3488,M,45
3488,3489,M,18
3489,3490,M,25
3490,3491,M,25
3491,3492,M,35
3492,3493,M,25
3493,3494,M,25
3494,3495,M,18
3495,3496,M,35
3496,3497,F,35
3497,3498,M,25
3498,3499,M,25
3499,3500,M,35
3500,3501,F,35
3501,3502,F,18
3502,3503,M,18
3503,3504,M,18
3504,3505,F,25
3505,3506,M,18
3506,3507,M,25
3507,3508,M,18
3508,3509,M,18
3509,3510,F,18
3510,3511,M,50
3511,3512,M,18
3512,3513,M,25
3513,3514,M,18
3514,3515,M,35
3515,3516,M,18
3516,3517,M,18
3517,3518,F,18
3518,3519,F,25
3519,3520,M,25
3520,3521,M,25
3521,3522,M,18
3522,3523,M,35
3523,3524,F,25
3524,3525,F,18
3525,3526,M,35
3526,3527,M,25
3527,3528,M,35
3528,3529,F,45
3529,3530,M,25
3530,3531,F,25
3531,3532,F,35
3532,3533,M,25
3533,3534,M,35
3534,3535,M,45
3535,3536,M,18
3536,3537,M,1
3537,3538,M,35
3538,3539,F,25
3539,3540,M,18
3540,3541,M,25
3541,3542,M,25
3542,3543,M,25
3543,3544,F,25
3544,3545,M,35
3545,3546,M,25
3546,3547,M,35
3547,3548,M,45
3548,3549,F,35
3549,3550,M,25
3550,3551,F,56
3551,3552,F,35
3552,3553,M,35
3553,3554,M,25
3554,3555,M,56
3555,3556,M,25
3556,3557,M,18
3557,3558,M,18
3558,3559,M,18
3559,3560,F,25
3560,3561,M,35
3561,3562,F,25
3562,3563,M,25
3563,3564,M,25
3564,3565,M,25
3565,3566,M,45
3566,3567,M,25
3567,3568,M,25
3568,3569,F,18
3569,3570,M,35
3570,3571,M,18
3571,3572,M,35
3572,3573,M,1
3573,3574,F,35
3574,3575,M,25
3575,3576,M,50
3576,3577,F,56
3577,3578,M,50
3578,3579,M,18
3579,3580,F,18
3580,3581,M,18
3581,3582,F,35
3582,3583,F,25
3583,3584,M,18
3584,3585,M,35
3585,3586,M,35
3586,3587,M,35
3587,3588,M,25
3588,3589,F,45
3589,3590,F,18
3590,3591,M,35
3591,3592,F,56
3592,3593,F,25
3593,3594,M,1
3594,3595,M,25
3595,3596,F,35
3596,3597,M,25
3597,3598,M,56
3598,3599,M,25
3599,3600,M,35
3600,3601,F,35
3601,3602,M,25
3602,3603,F,35
3603,3604,F,1
3604,3605,M,18
3605,3606,F,25
3606,3607,M,35
3607,3608,F,35
3608,3609,F,25
3609,3610,M,18
3610,3611,M,25
3611,3612,M,25
3612,3613,M,25
3613,3614,M,25
3614,3615,M,25
3615,3616,M,45
3616,3617,M,35
3617,3618,M,56
3618,3619,M,50
3619,3620,M,25
3620,3621,M,18
3621,3622,M,18
3622,3623,M,35
3623,3624,M,25
3624,3625,M,18
3625,3626,M,25
3626,3627,F,35
3627,3628,M,25
3628,3629,F,50
3629,3630,M,18
3630,3631,M,18
3631,3632,M,50
3632,3633,M,35
3633,3634,M,50
3634,3635,M,50
3635,3636,M,25
3636,3637,M,25
3637,3638,M,25
3638,3639,M,18
3639,3640,M,35
3640,3641,M,25
3641,3642,F,25
3642,3643,M,25
3643,3644,F,25
3644,3645,M,35
3645,3646,M,35
3646,3647,M,25
3647,3648,M,18
3648,3649,F,25
3649,3650,M,25
3650,3651,M,25
3651,3652,M,25
3652,3653,M,18
3653,3654,M,25
3654,3655,F,25
3655,3656,F,45
3656,3657,M,18
3657,3658,F,25
3658,3659,M,18
3659,3660,M,35
3660,3661,M,35
3661,3662,M,35
3662,3663,F,35
3663,3664,F,35
3664,3665,M,25
3665,3666,M,45
3666,3667,F,1
3667,3668,F,45
3668,3669,M,25
3669,3670,M,45
3670,3671,M,25
3671,3672,M,35
3672,3673,M,25
3673,3674,M,25
3674,3675,M,35
3675,3676,F,35
3676,3677,F,25
3677,3678,M,25
3678,3679,M,25
3679,3680,F,25
3680,3681,M,25
3681,3682,F,50
3682,3683,M,25
3683,3684,M,25
3684,3685,M,25
3685,3686,M,25
3686,3687,F,50
3687,3688,M,18
3688,3689,M,25
3689,3690,M,18
3690,3691,M,25
3691,3692,M,35
3692,3693,M,25
3693,3694,M,25
3694,3695,M,25
3695,3696,M,35
3696,3697,M,25
3697,3698,M,25
3698,3699,F,56
3699,3700,M,25
3700,3701,M,35
3701,3702,M,35
3702,3703,M,18
3703,3704,F,35
3704,3705,M,45
3705,3706,M,25
3706,3707,F,18
3707,3708,M,56
3708,3709,M,25
3709,3710,M,1
3710,3711,M,35
3711,3712,M,25
3712,3713,F,25
3713,3714,M,25
3714,3715,M,18
3715,3716,M,18
3716,3717,M,35
3717,3718,M,50
3718,3719,M,25
3719,3720,M,45
3720,3721,M,25
3721,3722,M,25
3722,3723,M,25
3723,3724,M,35
3724,3725,M,18
3725,3726,M,25
3726,3727,M,35
3727,3728,M,18
3728,3729,M,18
3729,3730,M,25
3730,3731,M,25
3731,3732,M,25
3732,3733,M,18
3733,3734,M,18
3734,3735,M,25
3735,3736,M,35
3736,3737,M,25
3737,3738,M,45
3738,3739,M,56
3739,3740,M,18
3740,3741,M,25
3741,3742,M,25
3742,3743,F,35
3743,3744,M,25
3744,3745,F,25
3745,3746,M,25
3746,3747,M,45
3747,3748,M,18
3748,3749,F,25
3749,3750,F,18
3750,3751,F,35
3751,3752,F,18
3752,3753,M,25
3753,3754,M,56
3754,3755,F,50
3755,3756,M,18
3756,3757,M,25
3757,3758,F,35
3758,3759,M,35
3759,3760,M,50
3760,3761,M,25
3761,3762,M,50
3762,3763,M,25
3763,3764,M,25
3764,3765,F,50
3765,3766,F,18
3766,3767,M,25
3767,3768,M,25
3768,3769,M,25
3769,3770,F,35
3770,3771,M,25
3771,3772,M,35
3772,3773,M,35
3773,3774,M,25
3774,3775,M,35
3775,3776,F,25
3776,3777,M,18
3777,3778,M,25
3778,3779,F,45
3779,3780,M,1
3780,3781,F,56
3781,3782,F,25
3782,3783,M,25
3783,3784,F,25
3784,3785,F,25
3785,3786,F,25
3786,3787,F,25
3787,3788,F,18
3788,3789,F,25
3789,3790,F,25
3790,3791,M,50
3791,3792,M,25
3792,3793,M,18
3793,3794,F,18
3794,3795,F,18
3795,3796,M,45
3796,3797,M,25
3797,3798,M,25
3798,3799,M,18
3799,3800,M,18
3800,3801,M,18
3801,3802,M,18
3802,3803,F,35
3803,3804,M,25
3804,3805,F,35
3805,3806,M,18
3806,3807,F,35
3807,3808,M,25
3808,3809,M,35
3809,3810,M,50
3810,3811,M,25
3811,3812,M,35
3812,3813,M,35
3813,3814,M,25
3814,3815,M,25
3815,3816,F,25
3816,3817,M,35
3817,3818,M,45
3818,3819,M,25
3819,3820,M,25
3820,3821,M,25
3821,3822,M,45
3822,3823,M,56
3823,3824,M,25
3824,3825,M,18
3825,3826,M,25
3826,3827,M,50
3827,3828,M,25
3828,3829,F,25
3829,3830,M,18
3830,3831,F,18
3831,3832,F,25
3832,3833,M,25
3833,3834,M,18
3834,3835,M,25
3835,3836,F,50
3836,3837,M,25
3837,3838,F,25
3838,3839,M,50
3839,3840,F,25
3840,3841,M,45
3841,3842,F,35
3842,3843,F,1
3843,3844,M,18
3844,3845,M,25
3845,3846,M,35
3846,3847,M,25
3847,3848,M,25
3848,3849,M,35
3849,3850,M,18
3850,3851,M,25
3851,3852,M,50
3852,3853,M,25
3853,3854,M,25
3854,3855,M,25
3855,3856,F,35
3856,3857,M,18
3857,3858,F,45
3858,3859,M,25
3859,3860,M,45
3860,3861,M,18
3861,3862,M,25
3862,3863,M,25
3863,3864,M,50
3864,3865,F,1
3865,3866,M,45
3866,3867,M,35
3867,3868,M,18
3868,3869,M,18
3869,3870,M,25
3870,3871,M,18
3871,3872,M,25
3872,3873,F,45
3873,3874,M,25
3874,3875,M,25
3875,3876,M,25
3876,3877,M,45
3877,3878,M,35
3878,3879,M,25
3879,3880,M,25
3880,3881,M,18
3881,3882,M,56
3882,3883,M,50
3883,3884,M,18
3884,3885,M,25
3885,3886,M,35
3886,3887,M,18
3887,3888,M,45
3888,3889,M,45
3889,3890,M,18
3890,3891,F,56
3891,3892,M,25
3892,3893,M,25
3893,3894,M,35
3894,3895,F,35
3895,3896,M,35
3896,3897,M,56
3897,3898,M,45
3898,3899,M,25
3899,3900,F,25
3900,3901,M,18
3901,3902,M,25
3902,3903,M,25
3903,3904,M,1
3904,3905,M,25
3905,3906,M,50
3906,3907,F,18
3907,3908,M,25
3908,3909,M,18
3909,3910,M,25
3910,3911,M,18
3911,3912,M,25
3912,3913,M,18
3913,3914,M,35
3914,3915,F,35
3915,3916,M,25
3916,3917,F,35
3917,3918,M,25
3918,3919,M,45
3919,3920,M,35
3920,3921,M,25
3921,3922,M,18
3922,3923,M,35
3923,3924,M,50
3924,3925,M,25
3925,3926,M,25
3926,3927,F,25
3927,3928,M,25
3928,3929,M,25
3929,3930,M,56
3930,3931,M,25
3931,3932,M,25
3932,3933,F,35
3933,3934,M,25
3934,3935,M,35
3935,3936,F,35
3936,3937,M,56
3937,3938,M,25
3938,3939,M,45
3939,3940,M,35
3940,3941,M,45
3941,3942,M,18
3942,3943,F,35
3943,3944,F,35
3944,3945,F,45
3945,3946,F,25
3946,3947,M,25
3947,3948,F,45
3948,3949,M,45
3949,3950,M,25
3950,3951,F,18
3951,3952,F,45
3952,3953,M,25
3953,3954,M,18
3954,3955,M,35
3955,3956,M,25
3956,3957,M,35
3957,3958,M,45
3958,3959,F,45
3959,3960,F,35
3960,3961,M,25
3961,3962,F,56
3962,3963,M,50
3963,3964,M,56
3964,3965,M,18
3965,3966,M,25
3966,3967,F,18
3967,3968,M,25
3968,3969,M,56
3969,3970,F,25
3970,3971,F,18
3971,3972,F,25
3972,3973,M,25
3973,3974,M,35
3974,3975,F,25
3975,3976,F,25
3976,3977,M,35
3977,3978,M,35
3978,3979,F,50
3979,3980,M,25
3980,3981,F,45
3981,3982,M,56
3982,3983,M,25
3983,3984,M,25
3984,3985,M,45
3985,3986,M,25
3986,3987,F,18
3987,3988,F,25
3988,3989,M,50
3989,3990,M,25
3990,3991,M,25
3991,3992,M,25
3992,3993,M,25
3993,3994,M,50
3994,3995,M,35
3995,3996,M,18
3996,3997,M,35
3997,3998,M,45
3998,3999,M,35
3999,4000,M,35
4000,4001,F,25
4001,4002,M,45
4002,4003,M,56
4003,4004,M,50
4004,4005,M,35
4005,4006,M,1
4006,4007,M,35
4007,4008,M,18
4008,4009,M,18
4009,4010,M,25
4010,4011,M,25
4011,4012,M,18
4012,4013,M,25
4013,4014,M,25
4014,4015,F,45
4015,4016,M,50
4016,4017,M,25
4017,4018,F,45
4018,4019,M,35
4019,4020,M,25
4020,4021,M,50
4021,4022,M,35
4022,4023,F,35
4023,4024,M,25
4024,4025,F,56
4025,4026,M,25
4026,4027,F,25
4027,4028,M,25
4028,4029,F,56
4029,4030,M,35
4030,4031,M,25
4031,4032,M,25
4032,4033,M,25
4033,4034,M,25
4034,4035,M,18
4035,4036,M,25
4036,4037,M,50
4037,4038,M,50
4038,4039,M,25
4039,4040,M,25
4040,4041,M,18
4041,4042,M,35
4042,4043,F,25
4043,4044,F,35
4044,4045,M,56
4045,4046,M,45
4046,4047,M,18
4047,4048,F,35
4048,4049,M,45
4049,4050,M,35
4050,4051,M,18
4051,4052,M,25
4052,4053,M,25
4053,4054,M,35
4054,4055,M,50
4055,4056,M,1
4056,4057,M,35
4057,4058,M,25
4058,4059,M,25
4059,4060,M,25
4060,4061,M,50
4061,4062,M,25
4062,4063,F,35
4063,4064,M,45
4064,4065,F,45
4065,4066,M,25
4066,4067,M,45
4067,4068,M,56
4068,4069,M,35
4069,4070,M,25
4070,4071,M,25
4071,4072,M,50
4072,4073,M,25
4073,4074,M,35
4074,4075,M,25
4075,4076,M,25
4076,4077,F,35
4077,4078,M,25
4078,4079,M,35
4079,4080,M,35
4080,4081,M,18
4081,4082,M,25
4082,4083,M,56
4083,4084,M,56
4084,4085,F,25
4085,4086,F,1
4086,4087,M,1
4087,4088,M,25
4088,4089,M,25
4089,4090,M,56
4090,4091,M,25
4091,4092,F,25
4092,4093,M,25
4093,4094,M,25
4094,4095,M,25
4095,4096,M,25
4096,4097,M,25
4097,4098,M,35
4098,4099,M,35
4099,4100,M,56
4100,4101,M,18
4101,4102,M,1
4102,4103,M,18
4103,4104,M,18
4104,4105,M,50
4105,4106,M,25
4106,4107,F,25
4107,4108,M,35
4108,4109,M,35
4109,4110,F,45
4110,4111,M,25
4111,4112,M,45
4112,4113,M,35
4113,4114,M,35
4114,4115,M,25
4115,4116,M,35
4116,4117,M,18
4117,4118,M,25
4118,4119,M,50
4119,4120,M,25
4120,4121,M,45
4121,4122,M,18
4122,4123,F,25
4123,4124,M,25
4124,4125,M,35
4125,4126,M,25
4126,4127,M,50
4127,4128,M,35
4128,4129,M,56
4129,4130,M,35
4130,4131,M,45
4131,4132,M,25
4132,4133,M,45
4133,4134,F,45
4134,4135,M,1
4135,4136,M,50
4136,4137,M,25
4137,4138,M,25
4138,4139,M,56
4139,4140,M,25
4140,4141,M,35
4141,4142,M,56
4142,4143,F,25
4143,4144,M,18
4144,4145,F,50
4145,4146,M,35
4146,4147,F,50
4147,4148,F,35
4148,4149,M,35
4149,4150,M,25
4150,4151,M,45
4151,4152,M,25
4152,4153,M,50
4153,4154,M,25
4154,4155,M,50
4155,4156,M,56
4156,4157,M,50
4157,4158,F,1
4158,4159,F,50
4159,4160,M,35
4160,4161,M,45
4161,4162,F,25
4162,4163,M,56
4163,4164,M,35
4164,4165,F,25
4165,4166,F,25
4166,4167,M,25
4167,4168,F,45
4168,4169,M,50
4169,4170,M,45
4170,4171,M,56
4171,4172,M,35
4172,4173,F,18
4173,4174,F,35
4174,4175,M,35
4175,4176,M,45
4176,4177,M,35
4177,4178,F,50
4178,4179,F,35
4179,4180,M,56
4180,4181,F,25
4181,4182,M,25
4182,4183,M,25
4183,4184,M,50
4184,4185,M,25
4185,4186,M,25
4186,4187,F,56
4187,4188,M,50
4188,4189,M,35
4189,4190,M,45
4190,4191,F,45
4191,4192,M,35
4192,4193,M,56
4193,4194,M,18
4194,4195,F,56
4195,4196,M,35
4196,4197,F,45
4197,4198,M,18
4198,4199,F,25
4199,4200,M,45
4200,4201,F,25
4201,4202,M,25
4202,4203,M,25
4203,4204,M,35
4204,4205,F,25
4205,4206,F,35
4206,4207,M,35
4207,4208,F,35
4208,4209,M,56
4209,4210,M,25
4210,4211,M,45
4211,4212,M,56
4212,4213,M,35
4213,4214,F,25
4214,4215,M,25
4215,4216,M,25
4216,4217,M,18
4217,4218,M,50
4218,4219,M,35
4219,4220,M,35
4220,4221,M,35
4221,4222,F,45
4222,4223,F,35
4223,4224,F,45
4224,4225,F,25
4225,4226,F,35
4226,4227,M,25
4227,4228,M,50
4228,4229,M,35
4229,4230,M,56
4230,4231,F,50
4231,4232,F,35
4232,4233,M,35
4233,4234,F,45
4234,4235,M,50
4235,4236,F,25
4236,4237,M,25
4237,4238,M,35
4238,4239,M,50
4239,4240,M,35
4240,4241,M,35
4241,4242,M,50
4242,4243,M,56
4243,4244,M,35
4244,4245,M,50
4245,4246,F,35
4246,4247,M,25
4247,4248,M,25
4248,4249,F,18
4249,4250,F,50
4250,4251,M,45
4251,4252,F,35
4252,4253,M,45
4253,4254,M,25
4254,4255,M,50
4255,4256,F,1
4256,4257,M,50
4257,4258,M,25
4258,4259,M,35
4259,4260,M,25
4260,4261,F,35
4261,4262,F,35
4262,4263,M,25
4263,4264,M,45
4264,4265,M,25
4265,4266,M,56
4266,4267,M,35
4267,4268,F,45
4268,4269,M,35
4269,4270,M,45
4270,4271,M,35
4271,4272,M,45
4272,4273,M,45
4273,4274,F,45
4274,4275,F,45
4275,4276,F,45
4276,4277,M,35
4277,4278,F,45
4278,4279,M,25
4279,4280,M,35
4280,4281,M,56
4281,4282,M,35
4282,4283,F,25
4283,4284,M,50
4284,4285,M,35
4285,4286,M,35
4286,4287,M,25
4287,4288,F,25
4288,4289,M,35
4289,4290,M,25
4290,4291,M,35
4291,4292,M,25
4292,4293,F,45
4293,4294,M,1
4294,4295,M,18
4295,4296,M,56
4296,4297,M,45
4297,4298,F,18
4298,4299,F,25
4299,4300,F,18
4300,4301,M,35
4301,4302,M,50
4302,4303,M,25
4303,4304,M,18
4304,4305,F,45
4305,4306,M,45
4306,4307,M,25
4307,4308,M,25
4308,4309,M,25
4309,4310,M,25
4310,4311,M,50
4311,4312,M,25
4312,4313,F,25
4313,4314,M,25
4314,4315,M,18
4315,4316,M,25
4316,4317,F,35
4317,4318,M,25
4318,4319,M,35
4319,4320,M,25
4320,4321,M,45
4321,4322,F,50
4322,4323,M,18
4323,4324,M,25
4324,4325,M,25
4325,4326,F,45
4326,4327,M,35
4327,4328,M,50
4328,4329,F,25
4329,4330,F,45
4330,4331,M,35
4331,4332,F,25
4332,4333,M,50
4333,4334,M,25
4334,4335,M,35
4335,4336,F,25
4336,4337,M,18
4337,4338,F,18
4338,4339,M,25
4339,4340,F,25
4340,4341,M,35
4341,4342,M,25
4342,4343,M,25
4343,4344,M,25
4344,4345,F,25
4345,4346,M,18
4346,4347,F,18
4347,4348,M,45
4348,4349,M,18
4349,4350,M,18
4350,4351,M,25
4351,4352,M,18
4352,4353,M,25
4353,4354,M,35
4354,4355,M,50
4355,4356,M,35
4356,4357,F,35
4357,4358,M,35
4358,4359,M,18
4359,4360,F,25
4360,4361,M,35
4361,4362,M,25
4362,4363,M,35
4363,4364,M,25
4364,4365,F,50
4365,4366,M,18
4366,4367,M,35
4367,4368,M,18
4368,4369,M,50
4369,4370,M,25
4370,4371,F,18
4371,4372,M,35
4372,4373,M,50
4373,4374,M,18
4374,4375,F,25
4375,4376,F,25
4376,4377,M,25
4377,4378,M,18
4378,4379,M,25
4379,4380,F,25
4380,4381,M,25
4381,4382,M,25
4382,4383,F,18
4383,4384,M,25
4384,4385,M,25
4385,4386,M,25
4386,4387,F,18
4387,4388,M,45
4388,4389,M,25
4389,4390,M,25
4390,4391,F,18
4391,4392,M,18
4392,4393,M,18
4393,4394,M,25
4394,4395,M,50
4395,4396,M,18
4396,4397,M,18
4397,4398,F,18
4398,4399,F,18
4399,4400,F,18
4400,4401,M,18
4401,4402,F,18
4402,4403,M,25
4403,4404,M,25
4404,4405,M,25
4405,4406,M,25
4406,4407,M,18
4407,4408,F,45
4408,4409,M,25
4409,4410,M,18
4410,4411,M,18
4411,4412,M,18
4412,4413,M,1
4413,4414,M,25
4414,4415,M,18
4415,4416,M,18
4416,4417,M,25
4417,4418,F,50
4418,4419,F,45
4419,4420,M,25
4420,4421,M,45
4421,4422,M,25
4422,4423,M,18
4423,4424,M,25
4424,4425,M,35
4425,4426,M,45
4426,4427,M,18
4427,4428,M,25
4428,4429,M,25
4429,4430,F,25
4430,4431,M,1
4431,4432,M,25
4432,4433,M,25
4433,4434,F,35
4434,4435,M,25
4435,4436,M,25
4436,4437,F,35
4437,4438,M,50
4438,4439,M,35
4439,4440,M,35
4440,4441,M,18
4441,4442,M,50
4442,4443,M,56
4443,4444,F,25
4444,4445,M,25
4445,4446,M,18
4446,4447,M,45
4447,4448,M,25
4448,4449,M,25
4449,4450,M,25
4450,4451,M,25
4451,4452,F,25
4452,4453,M,35
4453,4454,M,25
4454,4455,M,35
4455,4456,F,35
4456,4457,M,35
4457,4458,F,25
4458,4459,M,25
4459,4460,M,25
4460,4461,M,25
4461,4462,F,25
4462,4463,M,50
4463,4464,F,50
4464,4465,M,18
4465,4466,M,35
4466,4467,F,50
4467,4468,F,35
4468,4469,F,45
4469,4470,M,35
4470,4471,M,25
4471,4472,F,45
4472,4473,M,35
4473,4474,M,35
4474,4475,M,18
4475,4476,M,45
4476,4477,M,25
4477,4478,M,1
4478,4479,M,50
4479,4480,M,25
4480,4481,M,25
4481,4482,F,35
4482,4483,F,25
4483,4484,F,25
4484,4485,M,25
4485,4486,M,35
4486,4487,M,25
4487,4488,M,35
4488,4489,M,18
4489,4490,M,35
4490,4491,M,18
4491,4492,M,56
4492,4493,F,1
4493,4494,M,45
4494,4495,M,18
4495,4496,M,45
4496,4497,M,50
4497,4498,M,50
4498,4499,M,25
4499,4500,M,50
4500,4501,M,25
4501,4502,M,50
4502,4503,M,56
4503,4504,F,25
4504,4505,M,50
4505,4506,M,50
4506,4507,M,18
4507,4508,M,25
4508,4509,M,25
4509,4510,M,45
4510,4511,M,35
4511,4512,M,25
4512,4513,M,56
4513,4514,M,18
4514,4515,M,56
4515,4516,M,18
4516,4517,F,18
4517,4518,M,25
4518,4519,M,50
4519,4520,M,25
4520,4521,M,35
4521,4522,M,45
4522,4523,M,18
4523,4524,M,25
4524,4525,M,25
4525,4526,M,25
4526,4527,M,18
4527,4528,M,25
4528,4529,M,35
4529,4530,F,35
4530,4531,M,18
4531,4532,M,25
4532,4533,M,25
4533,4534,M,18
4534,4535,M,18
4535,4536,M,18
4536,4537,F,45
4537,4538,M,25
4538,4539,M,35
4539,4540,F,25
4540,4541,M,1
4541,4542,M,35
4542,4543,M,25
4543,4544,M,56
4544,4545,M,25
4545,4546,M,25
4546,4547,M,18
4547,4548,M,18
4548,4549,F,1
4549,4550,M,18
4550,4551,M,18
4551,4552,M,25
4552,4553,F,35
4553,4554,F,25
4554,4555,F,18
4555,4556,M,45
4556,4557,M,25
4557,4558,M,35
4558,4559,M,25
4559,4560,M,25
4560,4561,F,25
4561,4562,M,35
4562,4563,F,25
4563,4564,M,35
4564,4565,M,35
4565,4566,M,35
4566,4567,M,18
4567,4568,F,25
4568,4569,M,25
4569,4570,M,45
4570,4571,M,35
4571,4572,F,1
4572,4573,M,50
4573,4574,M,25
4574,4575,F,1
4575,4576,F,25
4576,4577,M,35
4577,4578,M,25
4578,4579,F,18
4579,4580,F,56
4580,4581,M,25
4581,4582,F,25
4582,4583,M,50
4583,4584,F,45
4584,4585,M,35
4585,4586,M,25
4586,4587,M,35
4587,4588,F,25
4588,4589,M,25
4589,4590,F,18
4590,4591,M,25
4591,4592,M,18
4592,4593,F,45
4593,4594,M,35
4594,4595,M,25
4595,4596,F,18
4596,4597,F,25
4597,4598,F,35
4598,4599,F,35
4599,4600,M,25
4600,4601,M,35
4601,4602,M,35
4602,4603,F,35
4603,4604,M,25
4604,4605,M,25
4605,4606,F,1
4606,4607,M,25
4607,4608,F,25
4608,4609,F,25
4609,4610,F,25
4610,4611,F,18
4611,4612,F,18
4612,4613,M,25
4613,4614,F,45
4614,4615,M,25
4615,4616,M,25
4616,4617,F,25
4617,4618,M,25
4618,4619,F,25
4619,4620,F,18
4620,4621,M,25
4621,4622,M,25
4622,4623,M,25
4623,4624,M,25
4624,4625,M,25
4625,4626,M,25
4626,4627,M,56
4627,4628,F,56
4628,4629,F,18
4629,4630,F,25
4630,4631,M,18
4631,4632,M,25
4632,4633,M,1
4633,4634,M,50
4634,4635,M,18
4635,4636,M,18
4636,4637,F,35
4637,4638,M,25
4638,4639,M,35
4639,4640,M,25
4640,4641,M,25
4641,4642,M,25
4642,4643,M,25
4643,4644,M,50
4644,4645,F,50
4645,4646,F,25
4646,4647,M,35
4647,4648,M,18
4648,4649,M,56
4649,4650,M,25
4650,4651,F,45
4651,4652,F,25
4652,4653,M,35
4653,4654,M,35
4654,4655,F,25
4655,4656,M,25
4656,4657,M,45
4657,4658,M,25
4658,4659,F,25
4659,4660,F,18
4660,4661,M,45
4661,4662,F,18
4662,4663,M,25
4663,4664,F,45
4664,4665,M,35
4665,4666,M,35
4666,4667,M,25
4667,4668,M,35
4668,4669,M,35
4669,4670,M,35
4670,4671,M,25
4671,4672,M,56
4672,4673,M,35
4673,4674,F,35
4674,4675,F,18
4675,4676,M,45
4676,4677,M,50
4677,4678,M,35
4678,4679,M,56
4679,4680,M,35
4680,4681,F,35
4681,4682,M,25
4682,4683,M,25
4683,4684,F,25
4684,4685,M,35
4685,4686,M,18
4686,4687,M,35
4687,4688,M,25
4688,4689,M,18
4689,4690,F,1
4690,4691,F,45
4691,4692,F,25
4692,4693,M,18
4693,4694,M,56
4694,4695,M,18
4695,4696,M,18
4696,4697,M,18
4697,4698,F,25
4698,4699,F,18
4699,4700,F,18
4700,4701,M,45
4701,4702,M,25
4702,4703,M,25
4703,4704,M,18
4704,4705,F,18
4705,4706,M,25
4706,4707,M,1
4707,4708,M,25
4708,4709,M,45
4709,4710,F,35
4710,4711,M,25
4711,4712,M,35
4712,4713,M,25
4713,4714,M,50
4714,4715,M,25
4715,4716,F,25
4716,4717,M,45
4717,4718,M,35
4718,4719,F,35
4719,4720,M,25
4720,4721,M,35
4721,4722,M,35
4722,4723,M,35
4723,4724,F,56
4724,4725,M,35
4725,4726,F,35
4726,4727,F,56
4727,4728,M,25
4728,4729,M,50
4729,4730,M,50
4730,4731,M,25
4731,4732,M,25
4732,4733,M,18
4733,4734,M,50
4734,4735,M,45
4735,4736,M,18
4736,4737,M,35
4737,4738,M,56
4738,4739,M,25
4739,4740,F,25
4740,4741,M,35
4741,4742,M,25
4742,4743,M,56
4743,4744,M,50
4744,4745,F,18
4745,4746,M,50
4746,4747,M,18
4747,4748,M,45
4748,4749,M,45
4749,4750,F,25
4750,4751,M,50
4751,4752,F,18
4752,4753,M,56
4753,4754,F,18
4754,4755,F,56
4755,4756,M,56
4756,4757,M,35
4757,4758,F,56
4758,4759,F,50
4759,4760,M,35
4760,4761,M,18
4761,4762,F,25
4762,4763,M,56
4763,4764,M,1
4764,4765,F,35
4765,4766,M,35
4766,4767,F,35
4767,4768,M,25
4768,4769,M,25
4769,4770,F,35
4770,4771,F,25
4771,4772,M,56
4772,4773,M,45
4773,4774,M,45
4774,4775,M,25
4775,4776,F,25
4776,4777,M,25
4777,4778,M,25
4778,4779,M,45
4779,4780,M,25
4780,4781,F,50
4781,4782,M,45
4782,4783,M,25
4783,4784,F,35
4784,4785,F,25
4785,4786,M,45
4786,4787,M,1
4787,4788,M,35
4788,4789,M,35
4789,4790,F,25
4790,4791,M,18
4791,4792,F,50
4792,4793,F,25
4793,4794,F,35
4794,4795,M,45
4795,4796,M,35
4796,4797,F,35
4797,4798,M,25
4798,4799,F,18
4799,4800,M,18
4800,4801,M,25
4801,4802,M,56
4802,4803,F,25
4803,4804,F,35
4804,4805,M,35
4805,4806,M,25
4806,4807,M,1
4807,4808,M,35
4808,4809,F,50
4809,4810,M,18
4810,4811,M,35
4811,4812,M,18
4812,4813,F,35
4813,4814,M,18
4814,4815,F,50
4815,4816,F,45
4816,4817,M,25
4817,4818,F,25
4818,4819,M,35
4819,4820,M,50
4820,4821,M,18
4821,4822,F,35
4822,4823,M,18
4823,4824,M,25
4824,4825,M,25
4825,4826,M,45
4826,4827,M,35
4827,4828,F,18
4828,4829,M,25
4829,4830,M,1
4830,4831,F,25
4831,4832,M,25
4832,4833,M,35
4833,4834,F,45
4834,4835,M,25
4835,4836,F,45
4836,4837,M,25
4837,4838,M,45
4838,4839,F,50
4839,4840,F,45
4840,4841,M,25
4841,4842,F,35
4842,4843,M,56
4843,4844,M,45
4844,4845,F,25
4845,4846,F,25
4846,4847,M,25
4847,4848,F,35
4848,4849,F,18
4849,4850,F,45
4850,4851,M,18
4851,4852,M,35
4852,4853,M,25
4853,4854,F,50
4854,4855,M,25
4855,4856,M,25
4856,4857,M,25
4857,4858,M,25
4858,4859,F,18
4859,4860,M,25
4860,4861,M,25
4861,4862,M,25
4862,4863,F,25
4863,4864,M,18
4864,4865,F,35
4865,4866,M,56
4866,4867,M,25
4867,4868,M,35
4868,4869,F,45
4869,4870,F,35
4870,4871,M,18
4871,4872,M,45
4872,4873,M,56
4873,4874,F,25
4874,4875,M,35
4875,4876,F,35
4876,4877,M,25
4877,4878,M,50
4878,4879,M,25
4879,4880,F,45
4880,4881,M,45
4881,4882,M,45
4882,4883,F,1
4883,4884,M,35
4884,4885,M,56
4885,4886,F,35
4886,4887,M,18
4887,4888,F,56
4888,4889,M,18
4889,4890,F,25
4890,4891,M,35
4891,4892,M,25
4892,4893,M,25
4893,4894,M,35
4894,4895,F,25
4895,4896,M,35
4896,4897,M,35
4897,4898,M,25
4898,4899,M,25
4899,4900,M,25
4900,4901,M,25
4901,4902,M,35
4902,4903,M,35
4903,4904,M,50
4904,4905,F,45
4905,4906,M,50
4906,4907,F,50
4907,4908,M,35
4908,4909,F,35
4909,4910,M,18
4910,4911,F,25
4911,4912,F,50
4912,4913,F,25
4913,4914,F,25
4914,4915,M,25
4915,4916,M,18
4916,4917,M,45
4917,4918,F,18
4918,4919,M,18
4919,4920,M,35
4920,4921,F,25
4921,4922,M,18
4922,4923,M,45
4923,4924,F,35
4924,4925,F,35
4925,4926,M,1
4926,4927,M,45
4927,4928,F,25
4928,4929,M,45
4929,4930,M,50
4930,4931,M,50
4931,4932,M,25
4932,4933,M,25
4933,4934,F,25
4934,4935,M,35
4935,4936,F,18
4936,4937,M,35
4937,4938,F,18
4938,4939,M,25
4939,4940,F,50
4940,4941,M,56
4941,4942,M,45
4942,4943,F,50
4943,4944,M,50
4944,4945,M,50
4945,4946,F,35
4946,4947,M,35
4947,4948,M,45
4948,4949,M,18
4949,4950,M,25
4950,4951,F,35
4951,4952,F,25
4952,4953,M,35
4953,4954,M,45
4954,4955,M,56
4955,4956,M,35
4956,4957,M,25
4957,4958,M,18
4958,4959,M,25
4959,4960,M,56
4960,4961,M,25
4961,4962,M,25
4962,4963,M,45
4963,4964,M,35
4964,4965,M,1
4965,4966,M,50
4966,4967,M,18
4967,4968,F,50
4968,4969,M,18
4969,4970,F,25
4970,4971,M,35
4971,4972,M,35
4972,4973,F,56
4973,4974,M,35
4974,4975,M,35
4975,4976,M,25
4976,4977,M,25
4977,4978,M,35
4978,4979,M,35
4979,4980,M,25
4980,4981,M,50
4981,4982,M,25
4982,4983,F,45
4983,4984,M,35
4984,4985,M,35
4985,4986,M,18
4986,4987,F,56
4987,4988,M,25
4988,4989,M,25
4989,4990,F,25
4990,4991,F,56
4991,4992,F,25
4992,4993,M,45
4993,4994,M,45
4994,4995,M,50
4995,4996,M,35
4996,4997,M,1
4997,4998,F,18
4998,4999,F,56
4999,5000,M,25
5000,5001,F,25
5001,5002,M,25
5002,5003,M,35
5003,5004,F,56
5004,5005,M,45
5005,5006,M,35
5006,5007,F,18
5007,5008,M,25
5008,5009,F,45
5009,5010,M,45
5010,5011,M,18
5011,5012,M,50
5012,5013,M,18
5013,5014,M,45
5014,5015,M,35
5015,5016,F,35
5016,5017,M,35
5017,5018,F,56
5018,5019,M,25
5019,5020,F,56
5020,5021,M,50
5021,5022,M,35
5022,5023,M,35
5023,5024,F,45
5024,5025,M,25
5025,5026,M,25
5026,5027,F,25
5027,5028,M,25
5028,5029,M,25
5029,5030,M,18
5030,5031,F,25
5031,5032,M,18
5032,5033,F,56
5033,5034,F,25
5034,5035,F,25
5035,5036,M,35
5036,5037,M,35
5037,5038,M,25
5038,5039,F,35
5039,5040,M,45
5040,5041,F,45
5041,5042,F,18
5042,5043,F,18
5043,5044,F,35
5044,5045,M,35
5045,5046,M,25
5046,5047,M,45
5047,5048,F,35
5048,5049,M,25
5049,5050,F,18
5050,5051,F,50
5051,5052,M,35
5052,5053,M,25
5053,5054,M,35
5054,5055,F,35
5055,5056,M,45
5056,5057,M,50
5057,5058,M,56
5058,5059,M,45
5059,5060,M,45
5060,5061,F,18
5061,5062,M,50
5062,5063,F,1
5063,5064,M,18
5064,5065,M,25
5065,5066,F,25
5066,5067,M,56
5067,5068,M,35
5068,5069,F,56
5069,5070,M,25
5070,5071,F,25
5071,5072,M,45
5072,5073,M,56
5073,5074,M,1
5074,5075,M,50
5075,5076,M,25
5076,5077,M,25
5077,5078,M,45
5078,5079,M,25
5079,5080,F,50
5080,5081,F,18
5081,5082,M,35
5082,5083,M,25
5083,5084,M,18
5084,5085,M,56
5085,5086,M,25
5086,5087,F,25
5087,5088,M,25
5088,5089,F,35
5089,5090,F,35
5090,5091,M,25
5091,5092,M,56
5092,5093,M,50
5093,5094,M,18
5094,5095,F,35
5095,5096,M,25
5096,5097,M,56
5097,5098,M,50
5098,5099,M,18
5099,5100,M,50
5100,5101,M,25
5101,5102,M,25
5102,5103,F,35
5103,5104,M,35
5104,5105,M,50
5105,5106,F,35
5106,5107,F,45
5107,5108,F,25
5108,5109,F,45
5109,5110,M,35
5110,5111,M,35
5111,5112,M,35
5112,5113,M,25
5113,5114,F,1
5114,5115,M,56
5115,5116,M,35
5116,5117,F,25
5117,5118,M,1
5118,5119,F,25
5119,5120,M,50
5120,5121,M,25
5121,5122,M,25
5122,5123,M,50
5123,5124,M,35
5124,5125,M,45
5125,5126,M,25
5126,5127,M,45
5127,5128,M,50
5128,5129,M,45
5129,5130,F,50
5130,5131,F,25
5131,5132,M,35
5132,5133,M,18
5133,5134,M,25
5134,5135,M,35
5135,5136,M,25
5136,5137,M,18
5137,5138,M,25
5138,5139,M,50
5139,5140,M,25
5140,5141,M,18
5141,5142,M,25
5142,5143,M,18
5143,5144,F,50
5144,5145,M,35
5145,5146,M,56
5146,5147,M,18
5147,5148,M,25
5148,5149,M,35
5149,5150,M,25
5150,5151,M,18
5151,5152,F,25
5152,5153,M,25
5153,5154,M,25
5154,5155,M,25
5155,5156,M,18
5156,5157,M,35
5157,5158,F,18
5158,5159,M,35
5159,5160,F,18
5160,5161,M,25
5161,5162,M,25
5162,5163,M,45
5163,5164,F,35
5164,5165,M,35
5165,5166,M,50
5166,5167,M,18
5167,5168,M,35
5168,5169,F,50
5169,5170,M,18
5170,5171,M,56
5171,5172,F,35
5172,5173,M,1
5173,5174,M,45
5174,5175,F,35
5175,5176,M,1
5176,5177,M,45
5177,5178,M,50
5178,5179,M,25
5179,5180,M,35
5180,5181,M,25
5181,5182,F,35
5182,5183,F,18
5183,5184,M,18
5184,5185,F,35
5185,5186,M,35
5186,5187,M,18
5187,5188,F,35
5188,5189,F,45
5189,5190,F,35
5190,5191,F,25
5191,5192,M,25
5192,5193,M,35
5193,5194,M,25
5194,5195,M,35
5195,5196,M,56
5196,5197,F,56
5197,5198,F,18
5198,5199,F,25
5199,5200,F,35
5200,5201,M,50
5201,5202,M,18
5202,5203,F,45
5203,5204,M,50
5204,5205,M,25
5205,5206,M,35
5206,5207,M,25
5207,5208,M,25
5208,5209,M,50
5209,5210,F,35
5210,5211,M,25
5211,5212,M,18
5212,5213,M,18
5213,5214,F,35
5214,5215,F,56
5215,5216,M,18
5216,5217,M,25
5217,5218,M,18
5218,5219,M,18
5219,5220,M,25
5220,5221,F,56
5221,5222,M,25
5222,5223,M,56
5223,5224,M,35
5224,5225,M,18
5225,5226,M,35
5226,5227,M,18
5227,5228,M,1
5228,5229,M,25
5229,5230,M,25
5230,5231,M,35
5231,5232,M,25
5232,5233,M,25
5233,5234,F,25
5234,5235,M,25
5235,5236,M,25
5236,5237,M,25
5237,5238,F,50
5238,5239,M,35
5239,5240,F,25
5240,5241,F,25
5241,5242,M,25
5242,5243,M,1
5243,5244,M,18
5244,5245,F,45
5245,5246,F,18
5246,5247,F,1
5247,5248,F,45
5248,5249,F,45
5249,5250,M,50
5250,5251,F,25
5251,5252,M,25
5252,5253,F,56
5253,5254,M,18
5254,5255,M,1
5255,5256,M,25
5256,5257,F,25
5257,5258,M,35
5258,5259,M,25
5259,5260,M,35
5260,5261,M,35
5261,5262,F,25
5262,5263,M,35
5263,5264,M,18
5264,5265,M,45
5265,5266,M,35
5266,5267,M,35
5267,5268,F,25
5268,5269,M,18
5269,5270,M,25
5270,5271,F,25
5271,5272,M,25
5272,5273,M,56
5273,5274,M,25
5274,5275,M,25
5275,5276,F,25
5276,5277,M,25
5277,5278,F,25
5278,5279,F,25
5279,5280,M,18
5280,5281,M,25
5281,5282,F,18
5282,5283,M,18
5283,5284,M,25
5284,5285,M,18
5285,5286,M,45
5286,5287,M,25
5287,5288,M,56
5288,5289,M,45
5289,5290,F,18
5290,5291,M,45
5291,5292,M,25
5292,5293,M,25
5293,5294,M,25
5294,5295,M,35
5295,5296,F,1
5296,5297,M,25
5297,5298,M,35
5298,5299,M,25
5299,5300,M,25
5300,5301,M,25
5301,5302,F,1
5302,5303,F,56
5303,5304,F,35
5304,5305,F,18
5305,5306,F,25
5306,5307,M,25
5307,5308,M,56
5308,5309,M,25
5309,5310,F,56
5310,5311,M,50
5311,5312,M,25
5312,5313,M,56
5313,5314,F,25
5314,5315,M,25
5315,5316,M,18
5316,5317,F,25
5317,5318,M,18
5318,5319,M,18
5319,5320,F,18
5320,5321,M,25
5321,5322,M,35
5322,5323,M,25
5323,5324,M,25
5324,5325,F,50
5325,5326,M,25
5326,5327,M,25
5327,5328,F,25
5328,5329,F,25
5329,5330,F,25
5330,5331,M,35
5331,5332,M,18
5332,5333,F,25
5333,5334,F,56
5334,5335,M,25
5335,5336,M,56
5336,5337,F,35
5337,5338,M,25
5338,5339,M,18
5339,5340,F,50
5340,5341,F,25
5341,5342,F,35
5342,5343,F,25
5343,5344,F,50
5344,5345,F,25
5345,5346,F,25
5346,5347,M,25
5347,5348,M,18
5348,5349,F,50
5349,5350,M,18
5350,5351,F,45
5351,5352,F,35
5352,5353,M,25
5353,5354,F,45
5354,5355,M,56
5355,5356,M,45
5356,5357,F,18
5357,5358,M,35
5358,5359,M,18
5359,5360,M,18
5360,5361,F,50
5361,5362,M,35
5362,5363,M,56
5363,5364,F,25
5364,5365,M,18
5365,5366,M,18
5366,5367,M,18
5367,5368,F,25
5368,5369,M,25
5369,5370,M,25
5370,5371,M,25
5371,5372,M,25
5372,5373,M,18
5373,5374,M,35
5374,5375,M,25
5375,5376,M,25
5376,5377,F,18
5377,5378,M,35
5378,5379,M,25
5379,5380,M,18
5380,5381,M,25
5381,5382,M,18
5382,5383,M,35
5383,5384,F,25
5384,5385,M,25
5385,5386,M,25
5386,5387,F,25
5387,5388,F,18
5388,5389,M,45
5389,5390,M,1
5390,5391,M,25
5391,5392,M,50
5392,5393,M,35
5393,5394,M,18
5394,5395,M,50
5395,5396,M,25
5396,5397,M,18
5397,5398,M,56
5398,5399,M,25
5399,5400,F,18
5400,5401,F,18
5401,5402,F,25
5402,5403,M,1
5403,5404,M,25
5404,5405,F,50
5405,5406,F,35
5406,5407,F,35
5407,5408,M,25
5408,5409,M,45
5409,5410,F,45
5410,5411,F,1
5411,5412,M,25
5412,5413,M,35
5413,5414,M,1
5414,5415,F,25
5415,5416,F,25
5416,5417,M,18
5417,5418,F,25
5418,5419,F,18
5419,5420,F,1
5420,5421,M,35
5421,5422,M,50
5422,5423,F,50
5423,5424,F,35
5424,5425,M,18
5425,5426,M,25
5426,5427,M,35
5427,5428,F,25
5428,5429,F,25
5429,5430,F,45
5430,5431,M,56
5431,5432,M,56
5432,5433,F,35
5433,5434,F,25
5434,5435,M,45
5435,5436,M,18
5436,5437,M,25
5437,5438,M,25
5438,5439,M,56
5439,5440,F,45
5440,5441,M,50
5441,5442,M,25
5442,5443,M,25
5443,5444,F,18
5444,5445,M,25
5445,5446,F,50
5446,5447,M,45
5447,5448,M,45
5448,5449,M,18
5449,5450,M,18
5450,5451,F,25
5451,5452,M,35
5452,5453,M,18
5453,5454,M,35
5454,5455,F,18
5455,5456,M,35
5456,5457,M,18
5457,5458,F,18
5458,5459,F,1
5459,5460,M,18
5460,5461,M,50
5461,5462,M,25
5462,5463,M,35
5463,5464,M,35
5464,5465,F,25
5465,5466,M,25
5466,5467,M,35
5467,5468,M,25
5468,5469,M,35
5469,5470,M,56
5470,5471,M,18
5471,5472,M,35
5472,5473,M,25
5473,5474,M,25
5474,5475,M,25
5475,5476,F,35
5476,5477,M,35
5477,5478,M,35
5478,5479,M,35
5479,5480,F,25
5480,5481,M,45
5481,5482,M,18
5482,5483,F,25
5483,5484,M,45
5484,5485,M,25
5485,5486,M,25
5486,5487,M,25
5487,5488,M,25
5488,5489,M,18
5489,5490,M,45
5490,5491,M,18
5491,5492,M,18
5492,5493,M,35
5493,5494,F,35
5494,5495,F,18
5495,5496,M,25
5496,5497,M,25
5497,5498,F,50
5498,5499,F,25
5499,5500,F,35
5500,5501,M,25
5501,5502,M,25
5502,5503,F,25
5503,5504,M,45
5504,5505,F,25
5505,5506,F,18
5506,5507,M,45
5507,5508,M,25
5508,5509,M,25
5509,5510,M,18
5510,5511,M,45
5511,5512,F,25
5512,5513,M,35
5513,5514,F,1
5514,5515,M,18
5515,5516,F,50
5516,5517,M,56
5517,5518,M,50
5518,5519,M,35
5519,5520,M,45
5520,5521,F,25
5521,5522,M,25
5522,5523,M,35
5523,5524,F,1
5524,5525,F,1
5525,5526,F,35
5526,5527,M,25
5527,5528,M,50
5528,5529,M,18
5529,5530,F,18
5530,5531,M,50
5531,5532,M,25
5532,5533,F,50
5533,5534,M,45
5534,5535,M,25
5535,5536,M,25
5536,5537,F,56
5537,5538,M,45
5538,5539,F,25
5539,5540,M,35
5540,5541,M,56
5541,5542,M,45
5542,5543,M,25
5543,5544,M,25
5544,5545,F,35
5545,5546,M,18
5546,5547,F,18
5547,5548,F,18
5548,5549,F,50
5549,5550,M,35
5550,5551,F,35
5551,5552,M,50
5552,5553,M,35
5553,5554,M,25
5554,5555,M,1
5555,5556,M,45
5556,5557,M,35
5557,5558,M,1
5558,5559,M,50
5559,5560,F,35
5560,5561,F,25
5561,5562,F,35
5562,5563,F,25
5563,5564,M,45
5564,5565,M,18
5565,5566,M,35
5566,5567,M,50
5567,5568,M,18
5568,5569,F,18
5569,5570,M,25
5570,5571,F,25
5571,5572,F,25
5572,5573,F,35
5573,5574,M,25
5574,5575,M,35
5575,5576,M,25
5576,5577,M,50
5577,5578,F,18
5578,5579,F,35
5579,5580,M,45
5580,5581,M,25
5581,5582,M,45
5582,5583,M,56
5583,5584,F,50
5584,5585,M,25
5585,5586,M,35
5586,5587,M,25
5587,5588,F,25
5588,5589,F,25
5589,5590,F,45
5590,5591,M,18
5591,5592,M,25
5592,5593,M,50
5593,5594,F,45
5594,5595,M,25
5595,5596,M,35
5596,5597,F,18
5597,5598,M,18
5598,5599,M,35
5599,5600,F,45
5600,5601,M,35
5601,5602,M,35
5602,5603,M,50
5603,5604,M,35
5604,5605,F,18
5605,5606,F,25
5606,5607,M,18
5607,5608,M,18
5608,5609,F,50
5609,5610,F,25
5610,5611,F,35
5611,5612,F,25
5612,5613,F,35
5613,5614,M,25
5614,5615,M,35
5615,5616,M,45
5616,5617,M,25
5617,5618,F,18
5618,5619,F,18
5619,5620,M,35
5620,5621,M,25
5621,5622,M,35
5622,5623,M,25
5623,5624,M,25
5624,5625,M,25
5625,5626,M,56
5626,5627,M,25
5627,5628,M,18
5628,5629,M,25
5629,5630,M,35
5630,5631,M,35
5631,5632,F,18
5632,5633,M,50
5633,5634,M,25
5634,5635,F,35
5635,5636,M,25
5636,5637,M,1
5637,5638,M,18
5638,5639,F,18
5639,5640,M,35
5640,5641,F,25
5641,5642,M,1
5642,5643,F,35
5643,5644,F,18
5644,5645,M,25
5645,5646,M,18
5646,5647,M,18
5647,5648,M,25
5648,5649,F,18
5649,5650,F,35
5650,5651,F,25
5651,5652,M,18
5652,5653,M,50
5653,5654,M,25
5654,5655,F,25
5655,5656,M,25
5656,5657,M,50
5657,5658,M,56
5658,5659,M,25
5659,5660,M,25
5660,5661,F,25
5661,5662,M,1
5662,5663,F,35
5663,5664,M,18
5664,5665,M,18
5665,5666,M,18
5666,5667,M,35
5667,5668,F,25
5668,5669,M,56
5669,5670,M,18
5670,5671,M,25
5671,5672,F,25
5672,5673,F,35
5673,5674,M,35
5674,5675,M,35
5675,5676,M,25
5676,5677,M,25
5677,5678,M,35
5678,5679,M,35
5679,5680,M,50
5680,5681,F,25
5681,5682,M,18
5682,5683,F,18
5683,5684,M,18
5684,5685,M,25
5685,5686,M,56
5686,5687,F,1
5687,5688,F,18
5688,5689,M,25
5689,5690,M,18
5690,5691,M,35
5691,5692,F,25
5692,5693,F,25
5693,5694,F,25
5694,5695,F,35
5695,5696,F,25
5696,5697,M,25
5697,5698,M,35
5698,5699,M,35
5699,5700,F,18
5700,5701,M,25
5701,5702,M,18
5702,5703,M,56
5703,5704,F,18
5704,5705,F,18
5705,5706,M,18
5706,5707,M,25
5707,5708,M,35
5708,5709,M,18
5709,5710,M,25
5710,5711,M,25
5711,5712,M,35
5712,5713,F,50
5713,5714,M,35
5714,5715,M,18
5715,5716,M,1
5716,5717,M,25
5717,5718,F,35
5718,5719,M,56
5719,5720,M,25
5720,5721,M,45
5721,5722,M,25
5722,5723,M,18
5723,5724,M,25
5724,5725,M,18
5725,5726,M,25
5726,5727,M,25
5727,5728,F,35
5728,5729,M,18
5729,5730,M,18
5730,5731,F,25
5731,5732,F,25
5732,5733,M,25
5733,5734,F,25
5734,5735,M,25
5735,5736,M,25
5736,5737,M,45
5737,5738,M,25
5738,5739,M,25
5739,5740,M,25
5740,5741,M,50
5741,5742,F,25
5742,5743,F,35
5743,5744,F,25
5744,5745,F,18
5745,5746,M,18
5746,5747,M,25
5747,5748,M,25
5748,5749,M,25
5749,5750,M,18
5750,5751,F,1
5751,5752,F,56
5752,5753,M,18
5753,5754,F,18
5754,5755,F,35
5755,5756,F,1
5756,5757,M,1
5757,5758,F,50
5758,5759,F,25
5759,5760,M,18
5760,5761,M,25
5761,5762,F,35
5762,5763,F,25
5763,5764,F,50
5764,5765,M,25
5765,5766,M,56
5766,5767,M,25
5767,5768,F,1
5768,5769,M,45
5769,5770,M,25
5770,5771,M,25
5771,5772,M,35
5772,5773,M,25
5773,5774,M,18
5774,5775,M,25
5775,5776,M,18
5776,5777,M,1
5777,5778,M,35
5778,5779,M,25
5779,5780,M,18
5780,5781,M,25
5781,5782,F,35
5782,5783,F,45
5783,5784,M,18
5784,5785,F,25
5785,5786,M,25
5786,5787,M,25
5787,5788,M,25
5788,5789,M,25
5789,5790,F,35
5790,5791,M,18
5791,5792,M,25
5792,5793,M,25
5793,5794,M,35
5794,5795,M,25
5795,5796,F,25
5796,5797,M,25
5797,5798,M,35
5798,5799,M,25
5799,5800,M,35
5800,5801,M,25
5801,5802,F,25
5802,5803,M,1
5803,5804,F,35
5804,5805,F,25
5805,5806,F,50
5806,5807,M,35
5807,5808,F,25
5808,5809,M,25
5809,5810,M,50
5810,5811,M,18
5811,5812,F,25
5812,5813,M,25
5813,5814,M,25
5814,5815,M,25
5815,5816,M,25
5816,5817,M,25
5817,5818,M,25
5818,5819,M,50
5819,5820,M,45
5820,5821,M,25
5821,5822,F,35
5822,5823,M,25
5823,5824,M,18
5824,5825,F,25
5825,5826,M,18
5826,5827,M,25
5827,5828,M,25
5828,5829,F,25
5829,5830,F,18
5830,5831,M,25
5831,5832,F,25
5832,5833,F,35
5833,5834,M,56
5834,5835,F,35
5835,5836,M,25
5836,5837,M,25
5837,5838,F,45
5838,5839,M,25
5839,5840,F,1
5840,5841,F,35
5841,5842,M,25
5842,5843,M,35
5843,5844,F,1
5844,5845,F,25
5845,5846,M,45
5846,5847,F,18
5847,5848,M,50
5848,5849,M,35
5849,5850,F,25
5850,5851,F,18
5851,5852,F,25
5852,5853,M,50
5853,5854,M,45
5854,5855,M,50
5855,5856,F,25
5856,5857,F,45
5857,5858,M,25
5858,5859,M,25
5859,5860,F,25
5860,5861,F,50
5861,5862,F,25
5862,5863,F,25
5863,5864,F,50
5864,5865,M,25
5865,5866,F,25
5866,5867,F,45
5867,5868,M,35
5868,5869,F,25
5869,5870,M,25
5870,5871,F,25
5871,5872,M,25
5872,5873,M,18
5873,5874,M,25
5874,5875,M,25
5875,5876,M,50
5876,5877,M,18
5877,5878,F,25
5878,5879,M,35
5879,5880,M,25
5880,5881,M,35
5881,5882,M,35
5882,5883,F,18
5883,5884,M,18
5884,5885,M,25
5885,5886,M,25
5886,5887,F,35
5887,5888,M,25
5888,5889,M,50
5889,5890,M,35
5890,5891,M,18
5891,5892,M,45
5892,5893,M,25
5893,5894,M,35
5894,5895,M,25
5895,5896,M,25
5896,5897,M,25
5897,5898,F,18
5898,5899,M,35
5899,5900,M,25
5900,5901,F,35
5901,5902,M,50
5902,5903,M,25
5903,5904,F,45
5904,5905,F,35
5905,5906,F,18
5906,5907,M,25
5907,5908,M,25
5908,5909,M,18
5909,5910,F,45
5910,5911,F,25
5911,5912,M,25
5912,5913,F,18
5913,5914,M,35
5914,5915,M,18
5915,5916,M,50
5916,5917,F,50
5917,5918,M,25
5918,5919,M,18
5919,5920,F,25
5920,5921,M,25
5921,5922,M,56
5922,5923,M,25
5923,5924,M,35
5924,5925,F,25
5925,5926,F,50
5926,5927,M,35
5927,5928,M,45
5928,5929,F,35
5929,5930,F,35
5930,5931,F,18
5931,5932,M,18
5932,5933,M,25
5933,5934,M,25
5934,5935,M,18
5935,5936,M,18
5936,5937,M,25
5937,5938,M,25
5938,5939,F,45
5939,5940,M,50
5940,5941,F,25
5941,5942,M,45
5942,5943,F,45
5943,5944,F,18
5944,5945,F,35
5945,5946,F,56
5946,5947,F,45
5947,5948,M,56
5948,5949,M,18
5949,5950,M,25
5950,5951,M,18
5951,5952,F,45
5952,5953,M,1
5953,5954,M,45
5954,5955,F,25
5955,5956,F,18
5956,5957,M,18
5957,5958,M,45
5958,5959,F,18
5959,5960,F,45
5960,5961,F,45
5961,5962,M,35
5962,5963,M,25
5963,5964,M,18
5964,5965,M,25
5965,5966,F,35
5966,5967,M,50
5967,5968,M,56
5968,5969,M,45
5969,5970,M,35
5970,5971,M,35
5971,5972,F,25
5972,5973,M,1
5973,5974,F,25
5974,5975,M,25
5975,5976,F,25
5976,5977,M,35
5977,5978,M,35
5978,5979,M,25
5979,5980,M,56
5980,5981,M,35
5981,5982,M,35
5982,5983,M,25
5983,5984,M,25
5984,5985,F,18
5985,5986,F,56
5986,5987,M,25
5987,5988,M,25
5988,5989,F,1
5989,5990,F,25
5990,5991,F,35
5991,5992,F,18
5992,5993,F,50
5993,5994,M,35
5994,5995,F,35
5995,5996,F,25
5996,5997,F,25
5997,5998,M,18
5998,5999,F,25
5999,6000,M,45
6000,6001,F,25
6001,6002,M,50
6002,6003,F,45
6003,6004,F,25
6004,6005,F,25
6005,6006,F,1
6006,6007,M,35
6007,6008,M,18
6008,6009,F,25
6009,6010,M,35
6010,6011,M,35
6011,6012,M,35
6012,6013,F,25
6013,6014,M,45
6014,6015,F,25
6015,6016,M,45
6016,6017,F,35
6017,6018,M,35
6018,6019,M,25
6019,6020,M,50
6020,6021,M,25
6021,6022,M,25
6022,6023,M,25
6023,6024,M,25
6024,6025,F,25
6025,6026,M,35
6026,6027,M,18
6027,6028,M,18
6028,6029,F,25
6029,6030,M,25
6030,6031,F,18
6031,6032,M,45
6032,6033,M,50
6033,6034,M,25
6034,6035,F,25
6035,6036,F,25
6036,6037,F,45
6037,6038,F,56
6038,6039,F,45
6039,6040,M,25
